,Астраханская область,Волгоградская область,Иркутская область,Кабардино-Балкарская Республика,Кемеровская область,Краснодарский край,Красноярский край,Курганская область,Ленинградская область,Нижегородская область,Новосибирская область,Омская область,Оренбургская область,Пермский край,Приморский край,Республика Башкортостан,Республика Дагестан,Республика Калмыкия,Республика Коми,Республика Марий Эл,Республика Татарстан (Татарстан),Ростовская область,Рязанская область,Саратовская область,Сахалинская область,Тверская область,Томская область,Тюменская область,Ярославская область
2012-01-01,9724.904809768655,10369.284897617983,12310.690585145581,,,10636.828407987588,11201.582890248517,9801.257819004995,11275.155610125123,11865.01072015198,15213.63662765297,9269.478952019846,10219.700264432795,13411.527399730383,15543.56770595227,7473.255999348088,7932.750221560745,7248.83577772728,11333.976602940045,8757.184378337866,,8530.803119518034,8831.899356701446,10807.530587295678,7587.519090987481,,13054.599053109045,9572.510006063942,6177.056107940392
2012-02-01,10410.510598857347,13116.108466996988,13369.409975468101,,,11650.518155268806,11515.227211175474,9842.423101844817,11275.155610125123,11276.506188432444,16298.368919204628,9551.27111216125,11209.989220056334,12660.481865345482,15543.56770595227,8142.112411289742,7814.55224325949,7831.642174256553,14780.638887894112,9101.341724406546,,10574.783546954553,7305.747147863436,10549.230606259312,7555.651510805333,,13054.599053109045,9427.007853971769,6268.47653833791
2012-03-01,10410.510598857347,13614.520588742873,12718.319709662803,,,12088.577637906912,11722.501300976634,10781.390265760812,11275.155610125123,11374.611792271808,17841.824455853308,9551.27111216125,11958.816499956098,12768.095961200917,15543.56770595227,8630.639155967126,6602.515190329942,8025.866900178116,17343.601671054952,9155.949774752986,,11313.960916886677,7380.99634348643,10899.465062387122,8610.420461713758,,13404.462307732367,10311.261190674322,6331.161303721289
2012-04-01,10410.510598857347,11432.11293836739,13289.372264626661,,,12369.032639106354,11479.845524046419,10781.390265760812,11275.155610125123,10884.366024024892,16230.70770748975,9643.918441949214,11778.238370806761,12446.339942978655,15543.56770595227,8479.602970737702,6715.418200084585,8025.866900178116,14964.059521786214,9166.021319505215,,10785.598942068069,6962.493850810749,10789.380465257009,8969.474994967222,,13521.08112980964,10369.0042533421,6393.206684497758
2012-05-01,10846.710992949469,10731.32441524547,13100.663178468965,,,11184.079312279966,11971.182912475604,10290.837008668697,11275.155610125123,10884.366024024892,15620.433097688136,9925.520860454131,11561.518784783915,12232.262895959422,15543.56770595227,8439.748836775236,7530.669969574855,8025.866900178116,15166.074325330324,8974.451473927556,,11305.46481107575,6101.929610850541,11061.272852981487,9224.208084824291,,13287.166426263935,8779.435901304756,6517.874214845465
2012-06-01,9537.512976100468,10467.333834630432,13222.499346028728,,,10500.732066299659,11768.869921254769,10290.837008668697,11275.155610125123,10688.447435592443,15620.433097688136,9925.520860454131,11710.662377107628,12232.262895959422,15543.56770595227,7672.575667512366,6950.80838191759,6590.039311736251,13364.344695481082,8782.398212385506,,10924.470646942496,5415.462529629855,9121.125594568533,8976.076887342519,,13053.31229716169,8786.459450025799,5587.121776965532
2012-07-01,8602.836704442623,9298.132645302212,13501.494082229934,,,9862.287556668638,11775.931243207524,9556.071246249752,11275.155610125123,10688.447435592443,15620.433097688136,9877.878360323952,11349.973975892713,12232.262895959422,15543.56770595227,7647.256167809575,6921.6149867135355,6590.039311736251,11745.922552858323,8677.00943383688,,9577.483416174486,6375.624036133229,10515.745697978064,9321.655847505204,,12820.963338272211,8838.299560780952,5989.953257084748
2012-08-01,8602.836704442623,11031.304570386545,13115.351351478159,,,11617.774741755657,10371.062645892867,9800.706670153746,11275.155610125123,12060.844086322513,16299.921937437568,10486.355667319907,13180.724778204209,12464.675890982651,17000.0,8476.218736400133,6921.6149867135355,7185.119861586034,13936.537108966404,7847.487331962073,,10878.10566409098,7446.0913118,11656.704106208683,9766.298831431204,,13053.02277469494,9460.51584985993,7635.393416805928
2012-09-01,11782.445150404617,13497.904272324975,13405.200616345826,,,13112.982351019611,12228.519965772277,9800.706670153746,11482.618473351424,12060.844086322513,16977.998690034972,11329.458662972429,14026.927308964918,13465.58936502856,17000.0,9752.737278101993,7382.594544828657,7979.07560629129,16418.63436807332,7847.487331962073,,9842.510004869519,7933.06568359172,12471.50772323267,10739.998824924895,,12820.67896930537,8568.38920521814,7449.853356777543
2012-10-01,10971.81292405678,12496.359775318462,14667.970514405604,,,12437.663759942101,12810.597516143038,10780.77733716912,11482.618473351424,11080.297462104492,16706.350710994415,11516.394730911476,12122.070580407482,12392.381892635784,17000.0,8830.128331593545,8967.63759360337,7974.2881609275155,14589.598499469952,7656.008641062199,,10734.241411310697,6407.537152637032,11382.745098994455,10785.10681998958,,12820.67896930537,8510.980997543178,7268.821920207848
2012-11-01,10099.553796594266,11066.77621702203,14571.161909010527,,,10563.307831318827,13152.640469824059,10780.77733716912,11482.618473351424,9806.063253962475,16297.04511857505,11047.677465363378,11171.700246903534,10943.71244938666,17000.0,8468.093069998211,7075.466061353059,7700.770077007702,13811.972899448205,8750.817876734094,,9949.568364143885,5816.121473448633,9898.435138085579,10860.602567729507,,12820.67896930537,9624.217312021825,6168.32228148838
2012-12-01,9164.335115029637,10616.358424989236,14013.086407895424,,9400.0,9452.047847464088,12467.387901346226,9310.279308379253,11015.275901486022,9119.638826185103,13581.957401820444,9269.001393439874,9232.29308404108,10192.973775358732,17000.0,6749.9169860955735,7306.833801559303,7700.770077007702,12517.791038769908,6380.221313926827,,9434.180722881232,5609.649161141207,8907.60178076321,10873.635290810784,9900.0,13986.07868761523,8694.517919680517,5098.7351978782945
2013-01-01,7979.386584656304,10419.955794126934,12966.308853225633,,9400.0,8919.89755365186,10541.176470588234,9310.279308379253,11015.275901486022,9119.638826185103,12086.583891880011,8599.779492833515,9207.365892714171,10300.0,17000.0,6422.546012269939,6405.9011938270405,7700.770077007702,11450.023463162835,6380.221313926827,,9769.094138543516,3642.345200328986,8709.853021230267,10827.966022589379,9900.0,12952.507472600464,9436.160298229264,5665.204678362573
2013-02-01,9600.0,9900.0,12200.0,,9400.0,10100.0,11200.0,9800.0,10600.0,10100.0,11000.0,7800.0,9200.0,10300.0,17000.0,6700.0,6600.0,7700.0,12200.0,6400.0,,9900.0,6200.0,9600.0,11600.0,9900.0,11700.0,8100.0,6200.0
2013-03-01,9600.0,10533.6,11719.32,,9400.0,10193.93,11312.0,9800.0,10600.0,9610.15,11543.4,7810.920000000001,10113.560000000001,8889.93,17000.0,7005.52,5877.96,7700.0,13268.720000000001,6444.16,,10026.72,5563.88,9698.88,11551.28,9900.0,10696.14,7620.48,6169.0
2013-04-01,9600.0,10511.479440000003,10848.574524,,9400.0,9120.509171,9895.7376,9800.0,10600.0,9120.032350000001,11679.61212,7283.6829,10733.521228,9251.750151,17000.0,7269.628103999999,5397.730667999999,7700.7699999999995,12538.9404,6444.16,,9954.527616000001,5888.254204,9303.165696,11767.288936,9900.0,10556.020566000001,7999.217856,5790.8403
2013-05-01,9600.0,10861.511705352,11451.7552675344,,9400.0,8858.750557792298,9647.354586239999,8820.0,9717.02,9512.19374105,11679.61212,7242.894275760001,9813.658458760401,9238.7977007886,17000.0,7182.392566752,5515.401196562401,7792.409163000001,10185.381286920001,6444.16,,9790.277910336,6019.562272749199,9303.165696,11767.288936,9900.0,10477.9060138116,7284.087779673601,6200.252709209999
2013-06-01,10160.64,11320.953650488389,12233.910152306997,,9400.0,10355.8794020592,11937.636565013374,8820.0,9717.02,10051.535126167535,11679.61212,8179.400505615769,10534.962355479289,10417.668287409228,17000.0,7092.6126596675995,7265.989536351307,7792.409163000001,11030.76793373436,6257.2793599999995,,10264.127361196262,6242.28607684092,9303.165696,11509.5853083016,9900.0,12469.755947037187,7627.896722874197,6703.713229197851
2013-07-01,10409.57568,11783.980654793366,12720.819776368817,,9400.0,10847.783673657012,11830.197835928255,8820.0,9717.02,10639.549931048336,12359.365545383998,9843.908508508577,11518.927839481055,11218.786978710996,17994.5,8018.907873020188,7915.569000901112,7949.036587176301,11336.320205498803,6257.2793599999995,,10070.135354069653,6242.28607684092,9303.165696,11416.357667304357,9900.0,14020.993586848612,7421.180721684306,7018.78775097015
2013-08-01,11281.898121983999,12153.997647353875,13378.486158807085,,9400.0,10806.562095697116,13049.891232812459,9310.391999999998,10600.297118,11130.033182869664,15545.609982983995,10512.30989623631,11717.053398320131,11712.41360577428,17994.5,9285.895316957378,7689.975284375431,9192.265909410673,11086.921160977829,6257.2793599999995,,9903.978120727501,6288.478993809542,10689.337384704,11736.015681988882,9900.0,15573.117576912753,7338.063497601442,7333.229442213614
2013-09-01,11281.898121983999,12169.797844295437,13979.180187337523,,9400.0,10832.497844726791,12868.497744676366,9800.1186192,10600.297118,10394.33798948198,16094.37001538333,10580.639910561846,12804.39595368424,10836.325068062362,17994.5,9401.04041888765,7568.4736748823,8753.794825531786,11426.180948503748,6257.2793599999995,,10296.17565430831,7175.783379836069,11810.64887635945,11748.925299239068,9900.0,15573.117576912753,7338.063497601442,6798.637015876241
2013-10-01,11281.898121983999,11941.005644822684,14202.84707033492,,9400.0,10590.933142789383,12698.633574446638,10780.130481120003,10600.297118,9806.0184592773,16541.79350181099,9320.485697213931,10212.786212658551,10053.942398148261,17994.5,8726.985820853404,7484.463617091106,7771.61904610712,10716.615111601666,6257.2793599999995,,9914.187537533471,6178.349490038854,11351.214635069067,11879.338370060623,9900.0,15573.117576912753,7338.063497601442,6106.535767660038
2013-11-01,11281.898121983999,11941.005644822684,12293.984424081906,,9400.0,9637.74915993834,11691.631931993019,10780.130481120003,10600.297118,9806.0184592773,16296.974957984186,8964.443143580358,10406.829150699063,9359.214978436217,17994.5,8318.562884437466,7395.398500047723,7771.61904610712,10543.00594679372,6257.2793599999995,,10199.716138614433,5572.871240015047,12865.466667387278,11525.334086632816,9900.0,14115.473771713721,7448.868256415224,6295.227722880733
2013-12-01,11281.898121983999,11941.005644822684,12247.267283270394,,9400.0,10456.957838533099,11661.233688969834,10289.63454422904,9717.2923680706,9315.717536313437,13215.216993429376,8549.389426032587,10038.427398764316,9741.070949556412,17994.5,7788.6704286988,7388.742641397681,7771.61904610712,10416.489875432195,6266.039551104,,10231.33525864414,5775.723753151595,11025.7049339509,12091.227990286487,9900.0,11536.576713621627,7448.868256415224,5728.657227821467
2014-01-01,11281.898121983999,11606.657486767648,11947.209234830269,,9192.26,11112.609095009124,12147.507133799876,10289.63454422904,9717.2923680706,8988.735850788835,12222.754197222832,7462.762029983846,9309.637569614026,8696.828143763965,17994.5,7493.479819451113,7897.827009389981,7771.61904610712,9111.30369404054,6285.464273712422,,9250.150207340164,5931.090722111373,9939.672997956737,12151.68413023792,10330.65,11788.07408597858,7860.045784169344,5366.606091023151
2014-02-01,11281.898121983999,11272.385751148742,10595.979870370966,,10022.321077999999,10529.197117521146,11948.28801680556,9310.061335618435,9717.2923680706,9426.487286722251,14938.650179845745,7140.370710288544,9895.213772742749,9002.956494424458,17994.5,7840.4279350917,7533.737184257103,7701.674474692155,10309.440129806871,6378.489144963366,,10703.348804913305,5631.570640644749,8693.238004012961,12154.114467063968,10094.078115,11021.849270389972,9170.315416390375,5763.734941758864
2014-03-01,11281.898121983999,11607.17560795786,11317.566099543228,,9663.5219834076,12313.896028940979,13714.244985689418,9554.915948745202,9717.2923680706,10224.910759907625,14938.650179845745,9173.234251507693,11284.501786435832,10087.812752002603,17994.5,8274.787642695781,9334.30037129455,7701.674474692155,10512.53610036407,6341.493907922579,,10455.031112639317,6660.458596690545,9377.395834928779,12670.664331914184,10094.078115,11246.694995505928,9170.315416390375,6862.87919515228
2014-04-01,11281.898121983999,12275.748922976234,14776.21429956364,,10068.423554512377,13179.562919775533,14729.099114630439,10779.856173374335,9717.2923680706,9862.948919006894,17654.4967825417,10758.369130168221,11686.230050032947,10040.400032068192,17994.5,9228.043179134336,9476.181736938226,7701.674474692155,11051.829202312745,6295.201002394743,,10116.288104589803,6906.229518908425,10726.803095575031,12452.728905405262,10354.505330367,12425.34863103495,9741.626066831494,7059.157540133634
2014-05-01,11281.898121983999,12543.36024949712,13564.564726999419,,10921.219029579575,12502.13338569907,14462.502420655628,10779.856173374335,9717.2923680706,9574.950810571892,19012.12758511916,10963.853980554435,12401.427329094964,9806.458711321004,17994.5,9196.66783232528,7534.512099039584,8601.2300533362,10424.085303621378,6276.315399387559,,10014.113594733444,6766.033059674585,10822.271643125649,12490.087092121477,10632.006073220835,13843.080909836037,9741.626066831494,6677.963032966417
2014-06-01,11281.898121983999,12543.36024949712,13488.603164528224,,11217.18406528118,10796.842391889715,14676.547456481332,10974.971570112411,9717.2923680706,10541.063347358597,18559.63894859332,11230.27563228191,12370.423760772228,10430.14948536102,17994.5,9410.950192818458,8709.142535279856,8410.282746152136,11172.534628421394,6257.486453189397,,10014.113594733444,6831.663580353428,12005.145933719283,12512.569248887297,10314.109091631532,14099.177906668005,9741.626066831494,6607.176624816975
2014-07-01,11281.898121983999,12543.36024949712,13560.092761300224,,10870.573077663992,10545.275964158685,14676.547456481332,10956.31411844322,9717.2923680706,10376.622759139806,14665.826697178445,9806.276682108562,11842.206666187256,10345.665274529594,17994.5,9077.802555992683,9007.866124239958,8410.282746152136,11316.66032512803,6257.486453189397,,10014.113594733444,6908.1782124533875,10592.140257320521,12512.569248887297,10687.479840748594,14099.177906668005,9843.913140533225,6710.248580164119
2014-08-01,11281.898121983999,12543.36024949712,13043.453227094686,,10452.05601417393,10402.914738642545,14676.547456481332,10956.31411844322,11483.896120585836,10348.605877690126,17651.789012723973,10349.544410297378,11825.627576854595,10188.411162356746,18894.225,8542.212205189117,8471.898089847678,8410.282746152136,11359.663634363518,6257.486453189397,,10014.113594733444,6682.971602727406,10746.785505077401,12555.111984333516,10423.499088682103,14007.533250274662,9843.913140533225,7206.806975096263
2014-09-01,11281.898121983999,12543.36024949712,14707.797858871967,,9922.136774255312,10436.2040658062,14676.547456481332,11268.56907081885,11483.896120585836,9761.839924425096,17651.789012723973,11228.220730731626,12530.434980435126,9902.11680869452,18894.225,8565.276178143127,7530.670212065601,8410.282746152136,10634.917094491126,6257.486453189397,,10014.113594733444,6626.834641264497,11749.460592701123,12779.848488853086,10376.593342783033,14007.533250274662,9843.913140533225,7202.482890911206
2014-10-01,11281.898121983999,11975.146030194897,15063.726567056669,,9602.64397012429,10698.152787857935,30690.128386248118,11758.75182539947,11483.896120585836,10133.766025545694,17651.789012723973,10775.723435283142,12529.181936937082,10470.498313513586,18894.225,8782.834193067963,8723.528373656793,8410.282746152136,12267.376868495514,6257.486453189397,,10014.113594733444,6844.194817497972,11398.15172097936,12870.585413123941,10471.020342202359,13950.102363948537,9673.613443202,6433.977966450981
2014-11-01,11281.898121983999,11607.509047067917,14583.19368956756,,9648.736661180888,9891.512067653446,17941.44905460065,11464.783029764483,10600.784508912786,7690.515036786625,17651.789012723973,7750.977866999165,11954.092486031668,9462.189325922227,18894.225,6021.511122767395,8723.528373656793,8410.282746152136,8556.49536577562,6257.486453189397,,10014.113594733444,5732.697579136301,9805.82992555854,11252.752826694265,10667.875524635763,14025.43291671386,9673.613443202,5365.294226223472
2014-12-01,11281.898121983999,10269.163253940986,11634.471925537004,,9648.736661180888,9431.55675650756,16595.840375505602,11759.427953629429,8833.633731277025,7474.411564252922,9505.48838335186,5016.432875521859,9434.169789976193,9826.483614970231,18894.225,4921.983191750069,7442.0420555666105,8410.282746152136,8044.816942902237,6257.486453189397,,10014.113594733444,5088.915640999295,8026.071794069667,11872.779507445119,10493.989153584198,14025.43291671386,9673.613443202,4311.550440193182
2015-01-01,11281.898121983999,7082.641896243098,8834.054533060247,,7900.385578174911,7887.610915467273,,11269.059807963084,8727.630126501701,2292.402026756371,9505.48838335186,2598.0105862327705,8500.186980768549,1801.1944466240432,18894.225,4683.759205269365,7517.206680327833,7988.086552295298,16906.98728720334,4549.192651468692,,6580.274043099346,3277.7705643676454,7155.243004413108,12807.167254681053,11334.557684786294,14025.43291671386,8303.829779644597,3115.957503127613
2015-02-01,9536.588482513074,13575.299722529146,8834.054533060247,,10140.144889587498,7961.754458072664,,8159.926206946068,8432.636228225943,5049.473944336259,4888.672675557861,4484.945675013631,8305.532698908948,4379.244058077037,18894.225,4225.219179073494,9194.295490708973,7988.086552295298,10957.418460836487,5251.133077590312,,6580.274043099346,2477.0112154926296,7848.5860515407385,11947.806331891954,14385.820613530763,12764.546497501287,8303.829779644597,5680.3905282016385
2015-03-01,9536.588482513074,12748.56396942712,11552.293112882884,,13025.01611067514,13484.027350191864,,8820.064237088005,8432.636228225943,9355.665324066222,10184.57178498969,7405.542298582509,12643.512427549093,13509.529994761853,18894.225,7159.633898940034,9194.295490708973,7988.086552295298,11111.91806113428,8356.128066369463,,7677.863753488317,6884.604972340216,6736.441408037415,12576.26094494947,15072.024256796176,13476.808192061857,8303.829779644597,6339.883868525848
2015-04-01,9536.588482513074,12158.305457642644,13586.651930061562,,10365.307820875276,12505.086964567934,,8820.064237088005,8432.636228225943,8207.725188803297,11286.542452125574,6274.71598958896,9620.448606122107,10907.59451777072,18894.225,6158.001116478324,9126.257704077727,7988.086552295298,9528.469737422645,7167.051042525089,,8561.585871514822,6282.202037260446,7604.095061392634,12503.318631468765,14704.266864930352,13440.420809943293,8303.829779644597,5259.567657329044
2015-05-01,9536.588482513074,13468.97078597652,10386.995400532065,,10618.221331704632,11188.30130719893,,8820.064237088005,8432.636228225943,8911.127237483737,9407.333133846665,7424.871430480616,9908.100019445157,11904.548656694964,18894.225,7774.476409553884,9126.257704077727,7988.086552295298,10771.9350381563,7332.609921607418,,8561.585871514822,6009.554468843343,8961.42602985122,12503.318631468765,13644.089223968875,13440.420809943293,8353.652758322463,6145.278850823255
2015-06-01,9536.588482513074,12394.146917255595,12006.327983475016,,11531.38836623123,12104.623184258524,,8820.064237088005,8432.636228225943,11266.338166350692,10666.975040468731,7790.917592003311,9774.340669182648,13339.046769826706,18894.225,6913.064423375314,9288.705091210311,7988.086552295298,12884.31149913875,7183.024679206626,,8329.566894396772,6909.785728276076,8890.630764215395,12503.318631468765,13174.732554664346,13440.420809943293,8353.652758322463,6250.363119172332
2015-07-01,9536.588482513074,11214.22413073286,11467.243857016987,,11103.573857844052,11586.545311972257,,8820.064237088005,8432.636228225943,9373.593354403778,10864.314078717402,7823.639445889726,9372.61526767924,11336.855849675718,18894.225,6935.186229530114,9288.705091210311,7988.086552295298,10369.293894506865,7183.024679206626,,8329.566894396772,6234.699662623504,9440.960808520329,12503.318631468765,13141.795723277684,13440.420809943293,10009.346735021976,6335.368057593077
2015-08-01,9536.588482513074,10624.355941456311,11416.787984046112,,8222.19644173352,10120.847330007768,,9407.480515278066,8432.636228225943,8064.102362793569,9506.274818877728,5528.965996410269,8086.692452953649,9340.435534547822,20570.1427575,5605.711029329193,9288.705091210311,7988.086552295298,8529.781157621348,7183.024679206626,,8329.566894396772,5120.558832912682,10166.026598614691,12944.68577915961,13608.32947145404,13414.884010404397,8536.971830300245,5205.771932924231
2015-09-01,9536.588482513074,8263.62405126472,9599.23533698597,,7402.44345649269,9002.493700041909,,8820.453731124715,8432.636228225943,3858.672980596723,6790.33210312436,4679.163922762011,7278.023207658284,7392.954725594603,20570.1427575,4709.918406842387,9288.705091210311,7988.086552295298,4737.440454942897,6739.832056499577,,8329.566894396772,3498.365794645944,9292.764913793688,12870.9010702184,14023.38352033339,13021.82790889955,7262.401936036416,4411.891713153285
2015-10-01,7853.380615349516,9680.009213651494,10428.609270101557,,7580.102099448513,9640.77050337488,,5840.0224153776735,8432.636228225943,4134.953966007448,7971.1708558576875,4415.72699391051,6433.044713249158,5741.368639896769,20570.1427575,4448.988927103319,9288.705091210311,7988.086552295298,5138.70166147656,5715.3775839116415,,6661.987602138539,4051.457426779468,9292.764913793688,12135.97261910893,15031.664795445358,13171.578929851898,6395.997385067271,4778.519914516323
2015-11-01,7541.601404920139,9680.009213651494,9828.964237070717,,8285.80960490717,10099.671179335524,,6369.712448452427,8432.636228225943,5780.252149081811,8532.341284110069,4748.672809251362,4928.998859291505,6429.184602956401,20570.1427575,3796.767150389973,9288.705091210311,7988.086552295298,6885.346356212443,5950.27960261041,,6677.310173623458,4376.384312407181,9292.764913793688,12135.97261910893,14906.901977643163,13229.533877143245,6700.446860596473,4137.242541988233
2015-12-01,6170.538269505658,7082.862741628799,9927.253879441423,,8474.726063899054,8566.541094312392,,5880.51853241128,8432.636228225943,3336.3615404500206,5840.387608973342,3020.1559066838668,2075.1085197617235,3457.615479469953,20570.1427575,3053.360142343616,9288.705091210311,7988.086552295298,2694.2360291859286,4852.453015928789,,6677.310173623458,3222.3317692254072,8172.986741681549,11768.25264874993,14947.1506129828,13050.935169801809,5706.770591170016,2702.446828426713
2016-01-01,4861.767102543508,4938.171903463599,8017.250233036894,,7446.741792348098,6597.093296729972,,6051.641621704447,6200.517418614537,677.2813927113542,3395.6013558571008,1196.585770228148,1904.327088585333,3062.410030166537,20570.1427575,2090.33035344844,9288.705091210311,,1003.872344474677,4852.453015928789,,6677.310173623458,1308.588931482438,8810.47970753271,11399.906340844058,14582.44013802602,11745.84165282163,4922.089634884139,1952.5178335383002
2016-02-01,6981.011382542224,5295.695549274363,5414.049082369816,,7446.741792348098,5337.708186384221,,5329.075612072937,5238.197115245562,2085.010767461904,3395.6013558571008,796.0885129327867,2625.4957570325996,3040.054436946321,20570.1427575,1199.2225237733699,9288.705091210311,,800.9897436563447,4852.453015928789,,6677.310173623458,247.32330805018077,7599.919795717717,11399.906340844058,15396.140297727872,11745.84165282163,4194.112577884775,2327.2060057943004
2016-03-01,8164.990913021385,6940.009017324052,4799.554511520842,,6675.259342660836,6129.290310425,,5329.075612072937,5642.585932542519,2156.9436389393395,3942.6327342856803,2042.842733036824,2942.6556444821376,3076.839095633371,20570.1427575,1618.110951327408,9266.41219899141,,1041.3667657276137,4852.453015928789,,6677.310173623458,2202.8592401413503,6879.447399083677,11399.906340844058,13993.551916604862,8616.749436509946,4959.957534606535,3670.9347535399293
2016-04-01,6918.196800603019,6940.009017324052,4799.554511520842,,7199.934726993976,7104.460398813619,,5096.727915386557,6882.826320515365,3170.275760513041,5251.586802068525,1961.9461608085664,3984.355742628814,2949.45795707415,20570.1427575,2654.9964489380113,9266.41219899141,,3830.355237699309,4852.453015928789,,6677.310173623458,3233.356792679474,7451.12947794753,11399.906340844058,14474.93010253607,8500.423319117064,5467.361190396784,3264.562276323059
2016-05-01,9161.76802303858,7297.419481716242,7502.18365695823,,7284.8939567725065,6681.034559044327,,5194.585091361979,6882.826320515365,4876.201147245108,5966.327765830051,2268.990734975107,4602.727753884806,2969.5142711822546,20570.1427575,2953.9490490884323,9266.41219899141,,6617.321708649326,4852.453015928789,,6677.310173623458,3169.012992505152,6798.410535679326,11399.906340844058,14644.286784735741,8601.578356614556,5467.361190396784,3608.3206840198764
2016-06-01,11218.584944210741,9110.828222922728,9856.36888851172,,9563.608786450948,8162.888024240359,,5880.7897819308955,9983.539577907537,6656.502186104297,7635.7062747093005,2705.771451457815,5062.0799837225095,3322.5895180258244,20570.1427575,4035.685190864616,9266.41219899141,,10022.595459920269,4852.453015928789,,6677.310173623458,4474.329444118025,8052.717279512163,11399.906340844058,14112.699174449834,8660.929247275197,5467.361190396784,5140.052814386314
2016-07-01,10594.831621312624,9110.828222922728,9541.950720968198,,9844.778884772606,8754.697405997784,,6958.738548958829,9983.539577907537,7416.009085538796,7635.7062747093005,2883.5406358185933,5062.0799837225095,3357.8089669168985,20570.1427575,4980.035525526936,9266.41219899141,,9399.190022313227,4852.453015928789,,6677.310173623458,4819.747677203935,9343.567859417963,11399.906340844058,13886.895987658638,8824.620810048697,5467.361190396784,4577.217031211012
2016-08-01,9036.331889817537,8395.628207423293,9431.264092604966,,9629.178227196087,8124.359192765943,,7742.988383426487,10541.61944031257,5985.460932938362,7635.7062747093005,2770.2174888309223,5315.690190907007,3179.173529876919,20981.545612650003,5238.001365749232,9266.41219899141,,6195.94606270888,4852.453015928789,,6677.310173623458,4011.475991736836,9084.751029712084,11399.906340844058,13979.938190775953,8809.618954671614,5467.361190396784,4140.0928047303605
2016-09-01,11965.007055307402,10074.753848907952,9969.78927229271,,10974.37442553538,8124.359192765943,,7474.306686521589,10541.61944031257,8257.541903081765,7635.7062747093005,3028.9558022877304,6815.777962780964,3108.9137948666394,20981.545612650003,5491.520631851495,9266.41219899141,,9321.181256739237,4852.453015928789,,6677.310173623458,4292.279311158415,8262.58106152314,11768.123315653324,14080.593745749538,8541.806538449597,5467.361190396784,5702.149819955126
2016-10-01,11965.007055307402,10289.34610588969,12096.345324072747,,12149.729926510221,9604.617437687897,,8827.156196781994,10541.61944031257,9293.863411918526,7635.7062747093005,3772.2615561691405,9248.329117697489,3209.953493199805,20981.545612650003,6187.296295907078,9266.41219899141,,12069.99760935164,7081.669931446476,,6677.310173623458,4346.791258410126,9753.150685021918,12136.46557543327,13779.2690395905,10119.47820610124,5467.361190396784,6577.429817318239
2016-11-01,11965.007055307402,10503.364504892195,13446.297462239263,,12934.60247976278,9870.66534071185,,7155.292813111485,13704.10527240634,10045.736961942735,8291.61344370683,3659.470935639683,8603.720578193976,3210.595483898445,20981.545612650003,7338.133406945795,9266.41219899141,,11896.189643776977,7222.595163082259,,6677.310173623458,5614.315589362518,11169.308164487098,12871.93538930453,13944.620268065582,10982.669697081674,5467.361190396784,5640.146068350389
2016-12-01,11965.007055307402,10789.056019425263,14965.729075472302,,12647.454304712044,9177.744633793878,,7155.292813111485,13704.10527240634,8961.801943749113,8291.61344370683,4160.452506728757,12820.404033566841,3377.8675086095536,20981.545612650003,8780.81043475134,9266.41219899141,,10047.521773134033,7222.595163082259,,6677.310173623458,5062.428366928183,10360.650253378233,12871.93538930453,13639.233084194948,10893.710072535312,5467.361190396784,6452.327102192846
2017-01-01,15579.635686715768,12407.414422339052,14802.602628549654,,13291.20972882189,10740.714544928976,,7155.292813111485,15811.796663302433,11519.500218495108,8291.61344370683,3931.627618858675,11983.231650174926,3522.4402379780427,20981.545612650003,9674.696937009025,9266.41219899141,,13083.882852975137,7156.147287581902,,6890.316368162046,7240.79129321738,11592.531568504904,13975.060252167927,13475.56228718461,10893.710072535312,5467.361190396784,7078.848063815771
2017-02-01,13523.123776069286,12407.414422339052,14460.662507830157,,12725.004194374074,10993.121336734806,,7155.292813111485,14757.149825860164,11285.654364059657,8291.61344370683,3245.1654366059506,11240.271287864081,3571.04991326214,20981.545612650003,9122.271741905812,9266.41219899141,,12835.289078768608,7212.680851153798,,7101.160049027805,7102.492179516929,13427.629315799231,13975.060252167927,12770.790379564853,11350.156524574542,5467.361190396784,6922.405521605442
2017-03-01,13771.949253548963,12407.414422339052,12676.216754363915,,11491.951287939228,9981.754173755206,,10781.595210796388,14261.309591711262,10574.658139123901,8291.61344370683,3182.8582602231168,10625.428448417915,3547.4809838346096,20981.545612650003,9466.18138657566,9266.41219899141,,12149.884641962366,7396.60421285822,,6782.317962826457,6397.2147060908965,13682.754272799419,13607.51616753591,12772.06745860281,12943.718500624806,5470.094870991983,6765.959156817158
2017-04-01,13771.949253548963,9613.264694428297,10468.01979575372,,9975.01371793125,8860.803180042496,,11369.192149784789,11594.444698061252,9125.929974063925,8291.61344370683,3057.771930596348,9981.52748444379,3398.132034415173,20981.545612650003,8458.97968704401,9266.41219899141,,9894.866052414152,6969.820149776301,,6262.792406873949,5356.387873409909,12670.23045661226,13460.554992926522,13051.77573594621,10088.334199386973,5470.094870991983,6171.23134693293
2017-05-01,12276.315564613547,10788.966966556878,10384.275637387691,,9878.256084867317,9018.525476647252,,9570.585951688836,12090.686931138276,9824.063617079815,8291.61344370683,3120.1504779805136,9637.164786230478,3414.1032549769247,20981.545612650003,8584.172586412262,6643.090905456941,,10571.67489039928,6971.911095821235,,6200.164482805209,5579.213608943761,11903.681513987218,13460.554992926522,12781.603978212126,10387.957725108765,5470.094870991983,6014.482070720833
2017-06-01,12270.177406831239,10249.518618229034,10600.268570645352,,9859.487398306066,9257.516401778405,,9570.585951688836,13144.994831533531,8448.694710688642,8291.61344370683,3328.2645148618135,9180.363175363156,3372.792605591704,20981.545612650003,9601.397037902114,7031.047414335628,,9890.859027457569,6910.558278178007,,6030.899992424627,5611.573047875635,12570.2876787705,13607.275042349422,12761.153411846988,9227.622847214114,5470.094870991983,6014.482070720833
2017-07-01,12462.81919211849,11328.792928728553,9488.300397584655,,11463.625998010462,9176.976009082931,,9570.585951688836,13144.994831533531,8000.9138910221445,8291.61344370683,3266.0259684338976,10627.188411800389,3355.2540840426277,20981.545612650003,9325.836942914322,6088.887060814653,,9808.764897529669,6791.005619965527,,6010.998022449627,5658.7102614777905,11482.95779455685,13607.275042349422,12818.5786022003,9376.187575054262,5470.094870991983,6234.010666302144
2017-08-01,13682.92919102689,13486.92798165134,10488.36725949008,,14144.968118945111,9880.850068979593,,9570.585951688836,13703.657111873708,10230.768592450018,8291.61344370683,3994.0231567978135,11506.056893456282,3505.569467007738,21510.280562088778,10064.443228793138,7609.282159900071,,12093.226242164332,6830.393452561328,,6197.94006094781,6216.093222233353,12307.434164206035,13607.275042349422,12675.010521855658,9361.185674934177,5470.094870991983,7204.646127045387
2017-09-01,14949.96843411598,14026.405100917395,13213.2450735056,,13996.44595369619,10690.091689629022,,9570.585951688836,13703.657111873708,10477.33011552806,8291.61344370683,4368.662528905449,11920.274941620706,3666.124548596692,21510.280562088778,11877.049454298784,8143.453767525056,,12510.442547519,7085.1671283418655,,6466.31086558685,6985.023953823618,14015.70602619783,13607.275042349422,12545.725414532732,9383.652520554018,5470.094870991983,7988.511625667924
2017-10-01,15126.37806163855,14026.405100917395,14608.563753267794,,14178.39975109424,10772.405395639164,,9570.585951688836,13703.657111873708,10857.65719872173,8291.61344370683,4555.641285142602,12558.009650997416,3863.362049311194,21510.280562088778,12411.516679742228,8676.035643921196,,13493.763331753993,7516.653806457886,,6596.283713985145,7185.494141298357,15822.330532974733,14343.428622140525,12479.233069835705,9383.652520554018,5470.094870991983,7361.4134630529925
2017-11-01,15189.90884949743,14026.405100917395,14034.447197764368,,16118.004837043933,11012.630035961918,,9570.585951688836,14261.39595632697,10753.423689614001,8291.61344370683,4826.246377480073,14111.435444825795,3938.311273067831,21510.280562088778,12781.379876798546,8738.50310055743,,12447.99667354306,7698.5568285741665,,6989.422223338659,7240.103896772226,17814.361947076253,13976.236849413728,12501.695689361411,10566.93110339588,5470.094870991983,7925.297734322851
2017-12-01,17120.546264268552,14026.405100917395,19670.681192386535,,15843.998754814187,12304.411539180253,,9570.585951688836,14819.016538219352,11810.485238303057,8291.61344370683,4867.752096326401,13603.423768812067,4141.921965885438,21510.280562088778,13435.786526490632,8738.50310055743,,14457.103336652908,7823.273449197068,,7007.59472111934,8206.657766991317,16002.641337058598,14711.386907692891,12162.899736179717,10905.072898704546,5470.094870991983,7455.327578677507
2018-01-01,16120.706362435269,13378.38518525501,19216.28845684241,,16281.293120447059,11372.967585664308,,9570.585951688836,15810.408744626226,11238.857752769189,8005.552779898944,4867.752096326401,14893.028342095451,4007.7236941907495,21510.280562088778,12510.060834815427,8777.826364509936,,12629.725474899982,8489.034019723738,,7242.349144276837,7804.531536408743,15769.00277353754,15446.956253077533,11282.305795280308,11950.869389690313,5487.052165092057,7925.758748892056
2018-02-01,15322.731397494721,13378.38518525501,15849.59471920362,,14381.266213290886,11516.266977243678,,9570.585951688836,13702.881258967549,11474.873765577342,7772.591194003884,3952.1279270074056,15950.43335438423,4038.983939005437,21510.280562088778,12226.082453865118,8777.826364509936,,14015.206359496508,8798.883761443656,,7157.613659288799,7959.841713983276,14917.476623766512,15446.956253077533,12494.025437693412,10269.382066560886,5343.840103583156,7205.307278617769
2018-03-01,16589.921284067535,13378.38518525501,14689.404385757918,,12915.815186156546,10113.585659415397,,9570.585951688836,13702.881258967549,10525.901705164095,7772.591194003884,4139.458790747555,14581.886172578063,3880.251870202523,21510.280562088778,11246.773249310521,8777.826364509936,,12516.980799666333,8246.313861224995,,7250.6626368595535,6851.035763225405,13937.398409585056,15446.956253077533,12462.790374099179,10865.006226421416,5343.840103583156,7362.382977291636
2018-04-01,14600.78972210784,13378.38518525501,14358.892787078363,,15169.624936140863,10174.267173371889,,9570.585951688836,13702.881258967549,12246.886633958424,7602.3714468552,5116.785011243055,14491.478478308078,4090.1734963804793,21510.280562088778,11298.50840625735,8777.826364509936,,14268.106413539652,8687.491652800532,,7372.473769158794,6857.201695412309,15307.444673247264,15446.956253077533,12634.776881261745,10865.006226421416,5343.840103583156,9336.237853503522
2018-05-01,14600.78972210784,13378.38518525501,18538.766477396875,,15749.104608701442,12330.194387409392,,9570.585951688836,16121.43980117532,14709.735536047461,8763.253566789987,5969.753072617272,20017.07922208695,4864.443339245304,21510.280562088778,15536.57890944448,8777.826364509936,,18073.410394030674,9009.797593119432,,7527.295718311129,8754.589404532895,18097.99183718024,15814.593811900782,12408.61437508716,12651.213250045097,5343.840103583156,10965.41135893989
2018-06-01,21666.11186863582,19311.699014915608,20987.737529061003,,16522.38564498868,12332.660426286871,,9570.585951688836,16121.43980117532,16001.250316112428,11475.480545711487,6697.465972169316,22285.014297949398,5086.748399848814,21510.280562088778,19806.03079375982,8777.826364509936,,20628.990623746613,9187.290605703885,,7510.735667730845,11064.050089448674,21397.2557490982,16549.972424154166,13470.79176559462,14585.583755976992,5773.484847911241,11059.713896626774
2018-07-01,21666.11186863582,19311.699014915608,22278.48338709825,,17287.372100351655,14683.26550353715,,9570.585951688836,17918.98033900637,16034.852941776264,10797.27964545994,6531.3688160595175,18505.47587301718,4962.123064052518,22157.740007007655,18578.056884546713,8777.826364509936,,21811.031786487296,9145.029068917649,,8300.113986409357,10383.611008947579,22208.211741989024,18021.264972661473,13769.84334279082,16669.863674706106,5773.484847911241,10182.678584624271
2018-08-01,23195.73936656151,19311.699014915608,21694.787122356276,,17133.514488658526,22346.461769833193,,9570.585951688836,17918.98033900637,16089.371441778305,11621.11208240853,7945.410164736403,18011.37966720762,4993.880651662454,22157.740007007655,18687.667420165537,8777.826364509936,,21811.031786487296,9800.727653159045,,8205.492686964291,10470.83334142274,21795.139003588025,18388.89877810377,13571.557598654634,19051.987193821613,6891.808862951647,10902.593960557206
2018-09-01,23912.487712988263,20174.93196088234,24356.73750226939,,17345.970068317893,14891.682123416838,,9570.585951688836,20088.96885806004,17086.912471168558,12302.109250437672,9567.862920375575,19754.88121899332,5349.444954060821,22157.740007007655,19661.294892756163,8777.826364509936,,21954.984596278115,10563.22426457482,,8181.696758172094,10964.009591803748,24700.43103276631,20595.56663147622,13804.988389351493,23070.05129299859,6836.674392048034,12594.676543235682
2018-10-01,26100.480338726695,21792.9615041451,27613.233306322807,,17358.112247365712,16157.475103907269,,9570.585951688836,20088.96885806004,17801.145412463407,12720.38096495255,9359.283508711389,22941.34355961694,5491.740189838839,22157.740007007655,21912.51315797674,8777.826364509936,,22385.302294365167,11116.737216038538,,9012.95714880238,12098.784584555437,25836.65086027356,20595.56663147622,14014.824212869635,25303.232258160857,6467.49397487744,13095.944669656463
2018-11-01,27494.2459888147,21792.9615041451,27919.740196022994,,17713.953548436708,16858.709523416845,,9570.585951688836,20088.96885806004,18803.349899185097,11725.647173493262,7487.426806969112,22741.753870648274,5704.270535185602,22157.740007007655,22723.276144821877,8777.826364509936,,22385.302294365167,10708.752960209924,,8964.287180198848,13024.341605273927,25697.132945628084,23538.67310311417,13944.750091805288,27534.97734333064,5946.2139605023185,10649.622205364638
2018-12-01,20994.606237058902,18340.956401888514,23890.92168573687,,17432.301687016563,12463.643950662074,,9570.585951688836,20088.96885806004,13916.359260386891,10088.746828073605,5906.831008017932,16060.226583451811,5157.801417914822,22157.740007007655,17542.36918380249,8777.826364509936,,21266.037179646904,10708.752960209924,,8339.476363738988,8997.21518092323,22891.006027965497,23538.67310311417,13854.109216208552,25301.890680786528,6164.440012852754,8646.428268535548
2019-01-01,19275.14798624378,16545.376770143626,23599.45244117088,,16128.365520827721,9483.586682058773,,9570.585951688836,20088.96885806004,12750.168354366471,11509.242381466367,4827.062299752254,16591.820083364066,4533.191666205337,22179.897747014664,12904.166771605112,8777.826364509936,,20668.461534898826,10351.080611338912,,8089.292072826819,6888.2679425148235,18550.871285063236,23538.67310311417,13678.162029162704,27533.517438831896,6164.440012852754,9026.871112351113
2019-02-01,22058.479355457384,18815.40246300733,16968.006305201867,,15565.485564150835,13919.060173257662,,9570.585951688836,20088.96885806004,14220.262765624926,10810.631368911361,6279.042639517733,19332.788761135813,4365.010255389119,22202.077644761674,16070.849297357008,8777.826364509936,,22357.074842300062,10264.131534203665,,8120.840311910844,9421.772891771776,20556.22047097857,23145.577262292165,13686.3689263802,23813.739232845706,6164.440012852754,11614.875060262175
2019-03-01,25918.713242662427,19001.6749473911,18634.26452437269,,14519.484934239896,16558.113982107312,,9570.585951688836,20088.96885806004,16353.302180468663,14353.275268503614,6749.34293321761,19794.842412526956,4499.889072280643,22246.481800051195,18399.51536054404,10403.479807217176,,22357.074842300062,10212.810876532647,,8126.52490012918,11545.440501577135,22618.00938421772,24231.104835893668,13824.601252536644,21582.391866728063,7573.014555789608,12323.382438938168
2019-04-01,25584.361841832077,19056.779804738537,20808.88319436698,,14419.300488193641,16558.113982107312,,9570.585951688836,20088.96885806004,17205.30922407108,14353.275268503614,6872.180974602169,20584.65662478678,4458.940081722889,22290.9747636513,19497.96642756852,10403.479807217176,,22357.074842300062,10588.64231678905,,8180.972616960047,11503.876915771456,25096.94321272798,24592.148297948483,13998.791228318605,19646.451316282553,7573.014555789608,12046.10633406206
2019-05-01,25584.361841832077,19077.742262523745,21212.5755283377,,15608.892778469617,20344.954649815256,,9570.585951688836,20088.96885806004,17148.531703631645,14353.275268503614,6688.006524482831,20848.140229584056,4657.80880936773,22357.847687942252,20527.459054944142,10403.479807217176,,22357.074842300062,10853.358374708776,,8492.667673666225,11915.715709356075,25280.150898180895,24592.148297948483,13283.452996551523,22622.888690699365,7573.014555789608,11800.365764847193
2019-06-01,25584.361841832077,18097.146310230026,21025.90486368833,,14502.22228047612,15173.267177832215,,9570.585951688836,20088.96885806004,14775.174915849026,14353.275268503614,5603.880666864164,16957.87726274367,4741.649367936348,22424.921231006076,18762.097576218945,10403.479807217176,,22001.597352307486,10895.68647237014,,8109.64836158388,10534.684258641704,21695.42550081885,24592.148297948483,13743.060470232203,22473.577625340746,7573.014555789608,8441.981668171682
2019-07-01,25584.361841832077,17297.25244331786,21501.090313607685,,14215.078279322694,12801.685517937041,,9570.585951688836,20088.96885806004,13408.47123613299,14353.275268503614,5992.789985144537,18631.619748576468,4417.794716106296,22514.620915930103,14414.919567809016,10403.479807217176,,22001.597352307486,10719.176351517744,,8176.958442985025,8613.157849865458,18853.324760211577,24592.148297948483,13906.602889827967,20241.95136714441,7573.014555789608,10660.5344505672
