Субъект федерации,,Акцизы на нефтепродукты,Акцизы на нефтепродукты (фед.бюджет),Акцизы на нефтепродукты  (суб.бюджет),НДПИ (нефть),"НДПИ (нефть, фед.бюджет)","НДПИ (нефть, суб.бюджет)",НДПИ,НДПИ (фед.бюджет),НДПИ (суб.бюджет),Задолженность по НДПИ,Задолженность по акцизу на нефтепродукты,Задолженность по налогам и сборам в добыче сырой нефти и природного газа,Задолженность по налогам и сборам в добыче сырой нефти и природного газа (удельный вес в общей сумме задолженности),НДПИ (газ горючий природный),"НДПИ (газ горючий природный, фед.бюджет)","НДПИ (газ горючий природный, суб.бюджет)",НДПИ (газовый конденсат ),"НДПИ (газовый конденсат, фед.бюджет)","НДПИ (газовый конденсат, суб.бюджет)"
Алтайский край,2013-01-01,,,,,,,282.26200000009976,104.27800000001837,177.98399999999452,3.554,0.023,,,,,,,,
Алтайский край,2014-01-01,0.0,0,0.0,0.0,0.0,0,268.009,99.016,168.993,4.481,0.023,0.0,0.0,0.0,0.0,0,0.0,0.0,0
Алтайский край,2015-01-01,0.003,,0.003,0.0,0.0,0,324.39599999999996,122.442,201.954,6.182,0.023,0.001,1.20058e-05,0.0,0.0,0,0.0,0.0,0
Алтайский край,2016-01-01,0.5930000000000001,0.07100000000000001,0.522,0.0,0.0,0,374.906,143.372,231.534,6.146,0.515,0.0,0.0,0.0,0.0,0,0.0,0.0,0
Алтайский край,2017-01-01,0.12,0.046,0.07400000000000001,0.0,0.0,0,391.20599999999996,149.40900000000005,241.79700000000003,7.231000000000001,0.0,0.742,0.0038653767,0.0,0.0,0,0.0,0.0,0
Амурская область,2013-01-01,,,,,,0,2792.464999999404,1099.8549999998797,1692.609999999787,5.967999999999998,0.0,,,,,0,,,0
Амурская область,2014-01-01,0.0,0,0.0,0.0,0.0,0,2945.292,1160.363,1784.9289999999999,19.583,0.0,0.0,0.0,0.0,0.0,0,0.0,0.0,0
Амурская область,2015-01-01,0.0,,0.0,0.0,0.0,0,3576.178000000001,1416.9830000000004,2159.195,29.988000000000003,0.0,0.001,3.45386e-05,0.0,0.0,0,0.0,0.0,0
Амурская область,2016-01-01,0.0,0,0.0,0.0,0.0,0,3015.18,1192.114,1823.066,36.841,0.0,0.0,0.0,0.0,0.0,0,0.0,0.0,0
Амурская область,2017-01-01,0.0,0,0.0,0.0,0.0,0,2600.792,1014.702,1586.09,12.158,0.0,0.001,1.17363e-05,0.0,0.0,0,0.0,0.0,0
Архангельская область,2013-01-01,,,,,,0,129.8189999999978,12.644000000006875,117.17500000000554,3.377,0.0,,,,,0,,,0
Архангельская область,2014-01-01,0.0,0,0.0,0.0,0.0,0,420.24199999999996,10.058,410.184,1.226,0.0,0.008,0.0001914204,0.0,0.0,0,0.0,0.0,0
Архангельская область,2015-01-01,0.0,,0.0,0.0,0.0,0,1746.5030000000004,9.758,1736.745,0.112,0.0,0.002,4.48759e-05,0.0,0.0,0,0.0,0.0,0
Архангельская область,2016-01-01,0.0,0,0.0,0.0,0.0,0,2117.432,10.754,2106.678,4.021,0.0,0.20800000000000002,0.004530259,0.0,0.0,0,0.0,0.0,0
Архангельская область,2017-01-01,0.0,0,0.0,0.0,0.0,0,2373.511,12.142999999999999,2361.368,3.572,0.0,0.003,3.54123e-05,0.0,0.0,0,0.0,0.0,0
Астраханская область,2013-01-01,10859.144999996399,3040.5610000003026,7818.5840000028875,75.47499999993279,75.47499999993279,0,8766.757000000562,8748.133000001271,18.62399999999409,2.648,0.0,,,,,0,,,0
Астраханская область,2014-01-01,12553.549,3514.994,9038.555,23.722,23.722,0,10605.04,10584.463,20.576999999999998,0.398,0.0,6.032,0.2248278196,7772.526999999999,7772.526999999999,0,2782.887,2782.887,0
Астраханская область,2015-01-01,7390.738,,7390.738,3147.936,3147.936,0,26103.303,26085.956,17.347,0.135,0.0,28.364,0.8831099768,8595.622000000001,8595.622000000001,0,14335.983,14335.983,0
Астраханская область,2016-01-01,11876.034,965.785,10910.249,4628.95,4628.95,0,38330.775,38313.301,17.474,22.821,0.0,36.116,0.9752706932,10458.919,10458.919,0,23218.143,23218.143,0
Астраханская область,2017-01-01,13116.507,5023.622,8092.885,17958.516,17958.516,0,57023.187999999995,57008.501,14.687,93.675,0.0,10.273,0.116478479,15930.069,15930.069,0,23115.471,23115.471,0
Белгородская область,2013-01-01,,,,,,0,895.4900000001973,302.1399999999859,593.3499999998911,1.5490000000000002,0.003,,,,,0,,,0
Белгородская область,2014-01-01,0.0,0,0.0,0.0,0.0,0,1041.535,330.32199999999995,711.2130000000002,1.937,0.003,0.0,0.0,0.0,0.0,0,0.0,0.0,0
Белгородская область,2015-01-01,0.0,,0.0,0.0,0.0,0,985.7919999999999,292.474,693.318,2.591,0.002,0.0,0.0,0.0,0.0,0,0.0,0.0,0
Белгородская область,2016-01-01,17.972,1.6660000000000001,16.305999999999994,0.0,0.0,0,911.465,288.144,623.321,1.82,0.8170000000000001,0.0,0.0,0.0,0.0,0,0.0,0.0,0
Белгородская область,2017-01-01,-2.6010000000000004,-0.996,-1.605,0.0,0.0,0,990.4760000000001,325.0660000000001,665.41,6.832999999999998,0.002,0.005,6.801640000000001e-05,0.0,0.0,0,0.0,0.0,0
Брянская область,2013-01-01,,,,,,0,27.241000000010175,8.002999999998176,19.237999999995985,20.056,0.0,,,,,0,,,0
Брянская область,2014-01-01,0.001,0,0.001,0.0,0.0,0,32.434000000000005,9.481,22.953000000000003,20.167,0.0,0.001,3.32146e-05,0.0,0.0,0,0.0,0.0,0
Брянская область,2015-01-01,0.001,,0.001,0.0,0.0,0,26.769,7.599,19.17,2.064,0.0,0.303,0.0072837169,0.0,0.0,0,0.0,0.0,0
Брянская область,2016-01-01,0.027000000000000003,0.002,0.025,0.0,0.0,0,25.023000000000003,6.94,18.083,0.35600000000000004,0.0,0.004,9.59972e-05,0.0,0.0,0,0.0,0.0,0
Брянская область,2017-01-01,-0.027000000000000003,-0.01,-0.017,0.0,0.0,0,20.157,4.76,15.397,1.6469999999999998,0.0,0.0,0.0,0.0,0.0,0,0.0,0.0,0
Владимирская область,2013-01-01,,,,,,0,76.91700000000269,1.5019999999999998,75.41499999998906,1.1189999999999998,0.0,,,,,0,,,0
Владимирская область,2014-01-01,0.0,0,0.0,0.0,0.0,0,95.737,1.5019999999999998,94.235,3.338,0.0,0.08900000000000001,0.0013057828,0.0,0.0,0,0.0,0.0,0
Владимирская область,2015-01-01,0.0,,0.0,0.0,0.0,0,79.348,2.498,76.85,5.774,0.0,0.0,0.0,0.0,0.0,0,0.0,0.0,0
Владимирская область,2016-01-01,0.0,0,0.0,0.0,0.0,0,69.217,1.74,67.477,3.04,0.0,0.0,0.0,0.0,0.0,0,0.0,0.0,0
Владимирская область,2017-01-01,0.0,0,0.0,0.0,0.0,0,83.589,2.523,81.066,7.258999999999999,0.0,0.002,1.04963e-05,0.0,0.0,0,0.0,0.0,0
Волгоградская область,2013-01-01,13348.61899999606,3737.612999999428,9611.005999997558,9970.378000000543,9970.378000000543,0,10056.485999997221,10018.860999999912,37.62499999999571,3.524,0.17599999999999993,,,,,0,,,0
Волгоградская область,2014-01-01,15714.14,4399.959,11314.181,9497.089,9497.089,0,9737.604,9694.83,42.773999999999994,0.799,0.715,26.086,0.2933247755,139.716,139.716,0,42.857,42.857,0
Волгоградская область,2015-01-01,12202.2,,12202.2,11374.43,11374.43,0,11703.288999999999,11663.446000000002,39.843,16.912,0.383,37.57700000000001,0.365022993,120.705,120.705,0,154.024,154.024,0
Волгоградская область,2016-01-01,19857.401,1700.015,18157.386,10199.217,10199.217,0,10811.5,10746.435,65.065,27.792,0.0,50.368,0.4097488466,224.084,224.084,0,296.558,296.558,0
Волгоградская область,2017-01-01,28637.45,10968.143,17669.307,13104.133999999998,13104.133999999998,0,13675.055,13621.714,53.341,47.104,0.0,81.23700000000002,0.2780795114,208.924,208.924,0,291.14,291.14,0
Вологодская область,2013-01-01,,,,,,0,24.727000000009188,4.427000000001626,20.29999999999605,1.3040000000000003,0.0,,,,,0,,,0
Вологодская область,2014-01-01,0.0,0,0.0,0.0,0.0,0,29.949,5.795,24.154,1.3210000000000002,0.0,0.135,0.003997959000000001,0.0,0.0,0,0.0,0.0,0
Вологодская область,2015-01-01,0.0,,0.0,0.0,0.0,0,27.912000000000006,5.6030000000000015,22.309,1.828,0.0,0.114,0.0029547802000000002,0.0,0.0,0,0.0,0.0,0
Вологодская область,2016-01-01,0.0,0,0.0,0.0,0.0,0,29.761999999999997,6.167999999999999,23.594,2.132,0.0,0.0,0.0,0.0,0.0,0,0.0,0.0,0
Вологодская область,2017-01-01,0.0,0,0.0,0.0,0.0,0,34.44,6.727,27.713,2.224,46.911,0.0,0.0,0.0,0.0,0,0.0,0.0,0
Воронежская область,2013-01-01,0.001,,0.001,,,0,140.60000000004018,7.684999999999095,132.9150000000203,0.5489999999999959,0.0,,,,,0,,,0
Воронежская область,2014-01-01,0.001,0,0.001,0.0,0.0,0,162.358,11.005999999999998,151.352,8.937999999999997,0.0,0.457,0.0067234101000000004,0.0,0.0,0,0.0,0.0,0
Воронежская область,2015-01-01,0.0,,0.0,0.0,0.0,0,174.24599999999998,13.936,160.31,2.093,0.0,2.85,0.0441205566,0.0,0.0,0,0.0,0.0,0
Воронежская область,2016-01-01,0.0,0,0.0,0.0,0.0,0,159.298,9.076,150.222,3.806,0.0,0.0,0.0,0.0,0.0,0,0.0,0.0,0
Воронежская область,2017-01-01,0.001,0,0.001,0.0,0.0,0,165.61100000000005,8.746,156.865,4.368,0.0,0.313,0.0021288269,0.0,0.0,0,0.0,0.0,0
Еврейская автономная область,2013-01-01,,,,,,0,32.671000000008156,9.63000000000068,23.040999999993673,1.2130000000000003,0.002,,,,,0,,,0
Еврейская автономная область,2014-01-01,0.0,0,0.0,0.0,0.0,0,45.62,14.865,30.755,2.3360000000000003,0.002,0.0,0.0,0.0,0.0,0,0.0,0.0,0
Еврейская автономная область,2015-01-01,0.0,,0.0,0.0,0.0,0,33.291000000000004,9.743,23.548,2.164,0.002,0.0,0.0,0.0,0.0,0,0.0,0.0,0
Еврейская автономная область,2016-01-01,0.0,0,0.0,0.0,0.0,0,60.494,16.137,44.357,0.239,0.002,0.0,0.0,0.0,0.0,0,0.0,0.0,0
Еврейская автономная область,2017-01-01,0.0,0,0.0,0.0,0.0,0,75.52300000000002,11.122,64.40100000000001,1.356,0.002,0.0,0.0,0.0,0.0,0,0.0,0.0,0
Забайкальский край,2013-01-01,,,,,,0,1646.6779999996977,636.6260000001071,1010.0519999999235,128.63299999999998,0.0,,,,,0,,,0
Забайкальский край,2014-01-01,0.0,0,0.0,0.0,0.0,0,1761.3670000000004,692.498,1068.869,92.755,0.0,0.0,0.0,0.0,0.0,0,0.0,0.0,0
Забайкальский край,2015-01-01,0.0,,0.0,0.0,0.0,0,2218.699,868.1360000000002,1350.5629999999999,243.167,0.0,0.0,0.0,0.0,0.0,0,0.0,0.0,0
Забайкальский край,2016-01-01,0.0,0,0.0,0.0,0.0,0,2588.757,1026.523,1562.2340000000004,80.798,0.0,0.0,0.0,0.0,0.0,0,0.0,0.0,0
Забайкальский край,2017-01-01,0.0,0,0.0,0.0,0.0,0,3029.752,1211.6889999999999,1818.0629999999999,87.991,0.0,0.0,0.0,0.0,0.0,0,0.0,0.0,0
Ивановская область,2013-01-01,2.5710000000003577,0.7190000000000775,1.8520000000000554,,,0,15.96199999999499,0.0269999999999784,15.934999999994254,3.0789999999999997,0.0,,,,,0,,,0
Ивановская область,2014-01-01,4.6720000000000015,1.308,3.3640000000000003,0.0,0.0,0,20.264,0.015,20.249,3.073,1.858,0.004,8.82858e-05,0.0,0.0,0,0.0,0.0,0
Ивановская область,2015-01-01,18.115,,18.115,0.0,0.0,0,20.256,0.013,20.243,1.659,1.4220000000000002,0.004,8.08333e-05,0.0,0.0,0,0.0,0.0,0
Ивановская область,2016-01-01,28.617,3.136,25.481,0.0,0.0,0,17.535,0.015,17.52,2.03,0.0,0.01,0.0001725059,0.0,0.0,0,0.0,0.0,0
Ивановская область,2017-01-01,13.581,5.2010000000000005,8.38,0.0,0.0,0,29.686,0.013999999999999999,29.671999999999997,1.747,0.0,0.0,0.0,0.0,0.0,0,0.0,0.0,0
Иркутская область,2013-01-01,19989.871999994397,5597.164000002086,14392.707999992317,,,0,2610.4270000000038,1163.5640000000146,1446.8630000003473,57.60700000000001,36.921,,,,,0,,,0
Иркутская область,2014-01-01,18389.714,5149.12,13240.594,36773.314,36773.314,0,39145.931000000004,37688.054,1457.8770000000004,45.89100000000001,8.54,10.244000000000002,0.0820230582,36.70200000000001,36.70200000000001,0,-48.654,-48.654,0
Иркутская область,2015-01-01,8323.655999999999,,8323.655999999999,66602.62299999999,66602.62299999999,0,70065.696,67980.418,2085.278,68.571,0.255,10.153,0.0848485325,5.747999999999998,5.747999999999998,0,21.321,21.321,0
Иркутская область,2016-01-01,12916.72,928.535,11988.185,64655.397,64655.397,0,68759.584,66289.686,2469.8979999999997,99.479,428.338,126.06200000000001,0.8490565593000001,1.949,1.949,0,43.43899999999999,43.43899999999999,0
Иркутская область,2017-01-01,18845.796000000002,7217.9400000000005,11627.856000000002,107739.176,107739.176,0,110717.281,108916.79800000001,1800.4830000000004,34.767,575.6120000000002,89.73200000000001,0.295685945,3.048,3.048,0,39.621,39.621,0
Кабардино-Балкарская Республика,2013-01-01,,,,7.565999999997995,7.565999999997995,0,16.22199999999564,7.721000000003121,8.50099999999925,1.1720000000000004,-8.881784197001252e-16,,,,,0,,,0
Кабардино-Балкарская Республика,2014-01-01,0.0,0,0.0,5.056,5.056,0,14.674,5.254,9.42,2.2880000000000003,5.6629999999999985,0.003,2.37396e-05,0.0,0.0,0,0.0,0.0,0
Кабардино-Балкарская Республика,2015-01-01,0.0,,0.0,9.925,9.925,0,20.012,10.171,9.841,2.412,0.0,0.002,2.21096e-05,0.0,0.0,0,0.0,0.0,0
Кабардино-Балкарская Республика,2016-01-01,0.0,0,0.0,5.957999999999998,5.957999999999998,0,15.071000000000002,6.22,8.851,3.907,0.0,0.0,0.0,0.0,0.0,0,0.0,0.0,0
Кабардино-Балкарская Республика,2017-01-01,0.0,0,0.0,4.333,4.333,0,11.071,4.593,6.4780000000000015,3.196,0.0,0.0,0.0,0.0,0.0,0,0.0,0.0,0
Калининградская область,2013-01-01,0.02,,0.014999999999925002,1814.7670000000187,1814.7670000000187,0,4482.110999999208,4408.0259999980435,74.08500000001017,1.5959999999999894,27.474,,,,,0,,,0
Калининградская область,2014-01-01,0.001,0,0.001,1834.888,1834.888,0,4524.95,4420.196,104.75399999999999,37.509,27.466,98.208,1.2632240228,0.0,0.0,0,0.0,0.0,0
Калининградская область,2015-01-01,0.0,,0.0,2011.339,2011.339,0,4654.929,4554.222000000002,100.707,4.5840000000000005,0.057,104.26100000000001,1.2546946805,0.0,0.0,0,0.0,0.0,0
Калининградская область,2016-01-01,0.0,0,0.0,1618.754,1618.754,0,3839.695,3672.949,166.74599999999998,8.177,0.057,106.218,1.1270926468,0.0,0.0,0,0.0,0.0,0
Калининградская область,2017-01-01,0.005,0.002,0.003,2154.0840000000007,2154.0840000000007,0,4927.859,4734.645,193.21400000000003,13.865,0.0,13.300999999999998,0.0710432879,0.0,0.0,0,0.0,0.0,0
Калужская область,2013-01-01,35.162999999989744,9.846000000000789,25.31699999999939,,,0,139.6759999999507,17.18699999998773,122.48899999999361,3.431,0.0,,,,,0,,,0
Калужская область,2014-01-01,56.535,15.83,40.705,0.0,0.0,0,141.515,11.681,129.834,9.538,0.0,0.036000000000000004,0.0014222683,0.0,0.0,0,0.0,0.0,0
Калужская область,2015-01-01,68.107,,68.107,0.0,0.0,0,147.30800000000005,18.362,128.946,15.262,0.0,0.013000000000000001,0.00026579340000000004,0.0,0.0,0,0.0,0.0,0
Калужская область,2016-01-01,82.06400000000002,5.771,76.293,0.0,0.0,0,153.514,15.792000000000002,137.722,21.284000000000002,0.0,0.012,0.0001872096,0.0,0.0,0,0.0,0.0,0
Калужская область,2017-01-01,67.306,25.778000000000002,41.528,0.0,0.0,0,133.84799999999998,13.015999999999998,120.832,24.17,0.0,0.0,0.0,0.0,0.0,0,0.0,0.0,0
Камчатский край,2013-01-01,,,,,,0,424.81800000006854,266.285000000034,158.53300000001468,12.273000000000001,0.0,,,,,0,,,0
Камчатский край,2014-01-01,0.0,0,0.0,0.0,0.0,0,553.0830000000001,335.14599999999996,217.937,0.5690000000000001,0.0,0.011000000000000001,0.00034517090000000004,192.041,192.041,0,6.138,6.138,0
Камчатский край,2015-01-01,0.0,,0.0,0.0,0.0,0,594.0930000000002,263.454,330.639,7.7680000000000025,0.0,0.004,0.00011749610000000001,43.856,43.856,0,6.283,6.283,0
Камчатский край,2016-01-01,0.0,0,0.0,0.0,0.0,0,602.212,255.886,346.32599999999996,1.494,0.0,0.005,0.000138641,32.026,32.026,0,7.511,7.511,0
Камчатский край,2017-01-01,0.0,0,0.0,0.0,0.0,0,405.415,198.321,207.094,0.985,0.0,0.01,0.0001039378,58.578,58.578,0,9.346,9.346,0
Карачаево-Черкесская Республика,2013-01-01,,,,,,0,64.6169999999743,22.062999999993878,42.553999999995696,355.14900000000006,0.0,,,,,0,,,0
Карачаево-Черкесская Республика,2014-01-01,0.0,0,0.0,0.0,0.0,0,56.07400000000001,19.542,36.532,469.22900000000004,0.0,475.886,19.5559248511,0.0,0.0,0,0.0,0.0,0
Карачаево-Черкесская Республика,2015-01-01,0.0,,0.0,0.0,0.0,0,62.90300000000001,22.195999999999998,40.707,1.811,0.0,0.0,0.0,0.0,0.0,0,0.0,0.0,0
Карачаево-Черкесская Республика,2016-01-01,0.0,0,0.0,0.0,0.0,0,64.757,23.638,41.119,1.791,0.0,0.0,0.0,0.0,0.0,0,0.0,0.0,0
Карачаево-Черкесская Республика,2017-01-01,0.0,0,0.0,0.0,0.0,0,65.96900000000001,24.095,41.873999999999995,2.79,0.0,0.0,0.0,0.0,0.0,0,0.0,0.0,0
Кемеровская область,2013-01-01,414.3910000000047,116.02899999999721,298.3620000000092,,,0,5319.590999998183,2109.7519999996216,3209.839000000486,1351.2890000000002,16.519,,,,,0,,,0
Кемеровская область,2014-01-01,2572.358,720.26,1852.098,0.0,0.0,0,4921.38,1948.2479999999998,2973.132,1187.9560000000001,48.543,2.577,0.0125481866,0.0,0.0,0,0.0,0.0,0
Кемеровская область,2015-01-01,1285.7160000000001,,1285.7160000000001,0.0,0.0,0,6286.138000000001,2495.661,3790.477,978.0260000000001,103.265,2.513,0.015410270700000001,0.0,0.0,0,0.0,0.0,0
Кемеровская область,2016-01-01,302.391,16.531000000000002,285.86,0.0,0.0,0,6732.416,2669.875,4062.5409999999997,741.7470000000003,321.971,0.488,0.0026958827000000004,0.0,0.0,0,0.0,0.0,0
Кемеровская область,2017-01-01,141.41,54.160000000000004,87.25,0.0,0.0,0,10256.541,4080.665,6175.876,500.465,321.971,0.0,0.0,0.0,0.0,0,0.0,0.0,0
Кировская область,2013-01-01,,,,55.55699999999453,55.55699999999453,0,85.74700000001695,55.7139999999884,30.033000000014116,3.581,0.0,,,,,0,,,0
Кировская область,2014-01-01,0.0,0,0.0,65.574,65.574,0,97.01299999999999,65.75,31.263,2.242,0.0,0.0,0.0,0.0,0.0,0,0.0,0.0,0
Кировская область,2015-01-01,0.0,,0.0,44.663000000000004,44.663000000000004,0,71.098,44.75400000000001,26.344,3.706,0.0,0.29,0.007297213,0.0,0.0,0,0.0,0.0,0
Кировская область,2016-01-01,0.0,0,0.0,37.37600000000001,37.37600000000001,0,72.708,37.49,35.218,3.047,0.0,1.1,0.0252938688,0.0,0.0,0,0.0,0.0,0
Кировская область,2017-01-01,0.0,0,0.0,33.935,33.935,0,67.417,34.03,33.387,6.42,0.0,0.369,0.0036463384,0.0,0.0,0,0.0,0.0,0
Костромская область,2013-01-01,,,,,,0,11.482000000001639,0.01400000000000224,11.468000000003029,1.089,0.0,,,,,0,,,0
Костромская область,2014-01-01,0.0,0,0.0,0.0,0.0,0,12.714,0.025,12.689,1.545,0.0,0.0,0.0,0.0,0.0,0,0.0,0.0,0
Костромская область,2015-01-01,0.0,,0.0,0.0,0.0,0,10.243,0.008,10.235,1.3030000000000002,0.0,0.0,0.0,0.0,0.0,0,0.0,0.0,0
Костромская область,2016-01-01,0.0,0,0.0,0.0,0.0,0,10.008,0.018000000000000002,9.99,1.048,0.0,0.0,0.0,0.0,0.0,0,0.0,0.0,0
Костромская область,2017-01-01,0.0,0,0.0,0.0,0.0,0,8.446,0.011,8.435,1.2930000000000001,0.0,0.0,0.0,0.0,0.0,0,0.0,0.0,0
Краснодарский край,2013-01-01,,,,3278.3920000006246,3278.3920000006246,0,4652.689999998858,4450.740999999069,201.9490000000544,12.697,0.005000000000000782,,,,,0,,,0
Краснодарский край,2014-01-01,-480.685,-134.592,-346.093,4078.551,4078.551,0,6973.879,6818.749000000002,155.13,17.119,12.386,2.7630000000000003,0.0074429948,1678.9470000000001,1678.9470000000001,0,1034.4180000000001,1034.4180000000001,0
Краснодарский край,2015-01-01,-286.325,,-286.325,4529.236,4529.236,0,6691.533,6537.498000000001,154.035,17.505,0.005,6.654,0.020648987,1723.921,1723.921,0,257.031,257.031,0
Краснодарский край,2016-01-01,69.488,5.585,63.90300000000001,3850.798,3850.798,0,6189.349,6036.324000000001,153.025,21.017,9.292,39.611,0.12546125090000002,1849.006,1849.006,0,305.6140000000001,305.6140000000001,0
Краснодарский край,2017-01-01,67.229,25.749000000000002,41.48,5552.884,5552.884,0,7617.331,7467.724,149.607,17.555,0.0,8.165000000000001,0.0114755358,1706.664,1706.664,0,178.739,178.739,0
Красноярский край,2013-01-01,18345.751999992353,5136.810000000938,13208.94200000106,95434.02600000653,95434.02600000653,0,107075.70700004495,100515.43700003122,6560.269999997114,10.701999999999998,0.102,,,,,0,,,0
Красноярский край,2014-01-01,9610.478000000001,2690.933,6919.545,106599.234,106599.234,0,118343.935,111790.29199999999,6553.643,21.246,0.102,6.016,0.033497787599999995,1053.508,1053.508,0,65.02600000000001,65.02600000000001,0
Красноярский край,2015-01-01,9272.322,,9272.322,123935.768,123935.768,0,137176.956,129185.40699999999,7991.549,22.015,33.96,11.071,0.06442018599999999,204.396,204.396,0,42.863,42.863,0
Красноярский край,2016-01-01,18781.486,1486.8480000000002,17294.638,105538.186,105538.186,0,121384.091,111792.165,9591.926,20.847,118.325,64.681,0.3366478512,209.097,209.097,0,57.96,57.96,0
Красноярский край,2017-01-01,21224.18,8128.861000000001,13095.319,156857.475,156857.475,0,178621.97699999998,165606.138,13015.839,15.682,38.82100000000001,19.743,0.053487013,251.7,251.7,0,67.087,67.087,0
Курганская область,2013-01-01,9.612000000000542,2.691000000000448,6.9210000000002365,,,0,114.37699999995358,42.782999999980575,71.59399999999687,0.871,0.0,,,,,0,,,0
Курганская область,2014-01-01,14.536,4.07,10.466,0.0,0.0,0,107.7,39.186,68.51400000000001,1.652,0.0,0.0,0.0,0.0,0.0,0,0.0,0.0,0
Курганская область,2015-01-01,1.4220000000000002,,1.4220000000000002,0.0,0.0,0,95.074,34.245,60.82899999999999,3.192,0.0,0.0,0.0,0.0,0.0,0,0.0,0.0,0
Курганская область,2016-01-01,0.0,0,0.0,0.0,0.0,0,138.088,50.82100000000001,87.26700000000002,2.396,0.0,0.008,0.0002861609,0.0,0.0,0,0.0,0.0,0
Курганская область,2017-01-01,0.0,0,0.0,0.0,0.0,0,143.537,53.14700000000001,90.39,2.955,0.0,0.07300000000000001,0.001225253,0.0,0.0,0,0.0,0.0,0
Курская область,2013-01-01,,,,,,0,485.18399999979636,185.2820000000386,299.90200000004836,0.4610000000000001,0.0,,,,,0,,,0
Курская область,2014-01-01,0.0,0,0.0,0.0,0.0,0,529.592,201.453,328.139,1.6740000000000002,0.0,0.003,5.3608e-05,0.0,0.0,0,0.0,0.0,0
Курская область,2015-01-01,0.0,,0.0,0.0,0.0,0,625.7370000000002,240.833,384.904,2.505,0.0,0.028,0.0004874912,0.0,0.0,0,0.0,0.0,0
Курская область,2016-01-01,0.0,0,0.0,0.0,0.0,0,506.605,193.99900000000002,312.606,2.303,20.195,0.055,0.0006653786999999999,0.0,0.0,0,0.0,0.0,0
Курская область,2017-01-01,0.0,0,0.0,0.0,0.0,0,531.806,202.77,329.036,13.878,20.195,0.075,0.0007444382000000001,0.0,0.0,0,0.0,0.0,0
Ленинградская область,2013-01-01,14882.945999998674,4167.2250000015065,10715.721000003556,,,0,388.2450000001357,22.06900000000023,366.1759999999858,2.52,0.0,,,,,0,,,0
Ленинградская область,2014-01-01,18028.289,5047.921,12980.368,0.0,0.0,0,368.686,14.007,354.6790000000001,2.168,0.0,36.569,0.7995660317000001,0.0,0.0,0,0.0,0.0,0
Ленинградская область,2015-01-01,11976.639,,11976.639,0.0,0.0,0,400.085,13.47,386.615,4.2189999999999985,0.0,37.854,0.6036798733000001,0.0,0.0,0,0.0,0.0,0
Ленинградская область,2016-01-01,16512.068,1194.6970000000001,15317.371000000001,0.0,0.0,0,381.98199999999997,12.873,369.109,6.428,2.073,40.165,0.4210957821,0.0,0.0,0,0.0,0.0,0
Ленинградская область,2017-01-01,21924.464,8397.07,13527.393999999998,0.0,0.0,0,371.085,11.253,359.832,4.675,7.395,130.531,0.7187213784,0.0,0.0,0,0.0,0.0,0
Липецкая область,2013-01-01,,,,,,0,112.16700000004258,29.9520000000207,82.21499999998149,0.41100000000000003,0.0,,,,,0,,,0
Липецкая область,2014-01-01,0.0,0,0.0,0.0,0.0,0,89.681,17.787000000000006,71.89399999999999,0.383,0.0,0.009000000000000001,0.0002441397,0.0,0.0,0,0.0,0.0,0
Липецкая область,2015-01-01,0.0,,0.0,0.0,0.0,0,89.24300000000002,20.603,68.64,0.195,0.0,0.003,7.678680000000001e-05,0.0,0.0,0,0.0,0.0,0
Липецкая область,2016-01-01,0.249,0.02,0.229,0.0,0.0,0,88.807,22.44,66.367,0.261,0.0,0.002,4.3843100000000014e-05,0.0,0.0,0,0.0,0.0,0
Липецкая область,2017-01-01,0.465,0.17800000000000002,0.28700000000000003,0.0,0.0,0,89.649,23.776999999999997,65.872,0.772,0.0,0.0,0.0,0.0,0.0,0,0.0,0.0,0
Магаданская область,2013-01-01,,,,,,0,3368.0579999985653,1331.8880000002612,2036.1699999996215,60.00400000000001,0.0,,,,,0,,,0
Магаданская область,2014-01-01,0.0,0,0.0,0.0,0.0,0,3546.237,1408.0890000000004,2138.1479999999997,61.39700000000001,0.0,0.0,0.0,0.0,0.0,0,0.0,0.0,0
Магаданская область,2015-01-01,0.0,,0.0,0.0,0.0,0,5164.349,2064.047,3100.302,722.462,0.0,0.0,0.0,0.0,0.0,0,0.0,0.0,0
Магаданская область,2016-01-01,0.0,0,0.0,0.0,0.0,0,5050.246,980.187,4070.059,48.152,0.0,0.0,0.0,0.0,0.0,0,0.0,0.0,0
Магаданская область,2017-01-01,0.0,0,0.0,0.0,0.0,0,4173.06,402.34,3770.72,63.44600000000001,0.0,0.0,0.0,0.0,0.0,0,0.0,0.0,0
Московская область,2013-01-01,55.13700000000868,15.43799999999983,39.69899999999768,,,0,230.68200000006698,19.266999999991693,211.41500000000343,21.487000000000002,2.553,,,,,0,,,0
Московская область,2014-01-01,101.854,28.519000000000002,73.335,0.0,0.0,0,312.2290000000001,21.967,290.262,23.733,0.9420000000000001,17.340999999999998,0.0321891404,0.0,0.0,0,0.0,0.0,0
Московская область,2015-01-01,165.86,,165.86,0.0,0.0,0,268.759,20.78,247.979,20.718000000000004,0.941,24.017,0.038284611600000004,0.0,0.0,0,0.0,0.0,0
Московская область,2016-01-01,154.90900000000005,11.039,143.87,0.0,0.0,0,225.354,13.807,211.547,23.097,7.8279999999999985,11.201,0.0152740924,0.0,0.0,0,0.0,0.0,0
Московская область,2017-01-01,203.33700000000002,77.878,125.459,0.0,0.0,0,378.314,17.379,360.935,20.612,7.8279999999999985,20.085,0.013211329,0.0,0.0,0,0.0,0.0,0
Мурманская область,2013-01-01,0.009999999999999998,0.003,0.007000000000000004,,,0,2031.467000000795,804.7970000003002,1226.6699999995053,5.48,0.0,,,,,0,,,0
Мурманская область,2014-01-01,6.632999999999999,1.857,4.776,0.0,0.0,0,1802.158,714.2040000000002,1087.954,2.004,0.0,0.221,0.0046106985000000005,0.0,0.0,0,0.0,0.0,0
Мурманская область,2015-01-01,0.759,,0.759,0.0,0.0,0,2199.405,872.955,1326.45,2.168,0.0,52.369,0.9720521774,0.0,0.0,0,0.0,0.0,0
Мурманская область,2016-01-01,0.0,0,0.0,0.0,0.0,0,2249.745,891.935,1357.81,2.877,0.0,67.342,1.191109149,0.0,0.0,0,0.0,0.0,0
Мурманская область,2017-01-01,0.0,0,0.0,0.0,0.0,0,2155.302,854.3789999999999,1300.923,17.942999999999994,0.0,0.009000000000000001,6.6548e-05,0.0,0.0,0,0.0,0.0,0
Ненецкий АО,2013-01-01,,,,33255.57200000307,33255.57200000307,0,33403.1409999914,33348.34699999997,54.793999999976286,75.335,0.0,,,,,0,,,0
Ненецкий АО,2014-01-01,0.0,0,0.0,33679.897000000004,33679.897000000004,0,33878.848,33830.358,48.49,90.669,0.0,191.733,61.3006154584,146.775,146.775,0,3.6860000000000004,3.6860000000000004,0
Ненецкий АО,2015-01-01,0.0,,0.0,47354.224,47354.224,0,47504.323,47463.07,41.253,0.005,0.0,55.322,20.852855479000002,98.727,98.727,0,10.119,10.119,0
Ненецкий АО,2016-01-01,0.0,0,0.0,51835.28,51835.28,0,52014.087,51958.918,55.169,16.955,0.0,23.54,9.0171878172,111.773,111.773,0,11.864,11.864,0
Ненецкий АО,2017-01-01,0.0,0,0.0,56513.232,56513.232,0,56707.598,56645.327000000005,62.271,1.071,0.0,297.632,28.503297254699998,118.823,118.823,0,13.273,13.273,0
Нижегородская область,2013-01-01,23424.811999992005,6558.947999997649,16865.863999992795,,,0,56.52099999999544,0.6740000000001498,55.84700000000203,2.431,0.0,,,,,0,,,0
Нижегородская область,2014-01-01,26792.089,7501.785000000001,19290.304,0.0,0.0,0,75.851,1.404,74.447,2.06,0.0,0.378,0.0048497395,0.0,0.0,0,0.0,0.0,0
Нижегородская область,2015-01-01,22124.867,,22124.867,0.0,0.0,0,74.97200000000002,1.599,73.373,2.244,0.0,0.059000000000000004,0.0006216742,0.0,0.0,0,0.0,0.0,0
Нижегородская область,2016-01-01,42182.444,3388.95,38793.494,0.0,0.0,0,63.703,1.404,62.299,3.168,6.582999999999998,0.29700000000000004,0.0022599845,0.0,0.0,0,0.0,0.0,0
Нижегородская область,2017-01-01,51261.492,19633.152000000002,31628.34,0.0,0.0,0,67.988,1.7280000000000002,66.26,4.3870000000000005,37.236,0.006,2.06306e-05,0.0,0.0,0,0.0,0.0,0
Новгородская область,2013-01-01,,,,,,0,29.942000000011653,4.234000000001088,25.70799999999937,0.44700000000000006,0.0,,,,,0,,,0
Новгородская область,2014-01-01,0.0,0,0.0,0.0,0.0,0,37.358,3.775,33.583,1.492,0.0,0.0,0.0,0.0,0.0,0,0.0,0.0,0
Новгородская область,2015-01-01,0.0,,0.0,0.0,0.0,0,74.1,3.198,70.902,2.802,0.0,0.0,0.0,0.0,0.0,0,0.0,0.0,0
Новгородская область,2016-01-01,0.0,0,0.0,0.0,0.0,0,46.907,3.756,43.151,3.652,0.0,0.0,0.0,0.0,0.0,0,0.0,0.0,0
Новгородская область,2017-01-01,0.0,0,0.0,0.0,0.0,0,46.845,9.148,37.696999999999996,6.772,0.0,0.0,0.0,0.0,0.0,0,0.0,0.0,0
Новосибирская область,2013-01-01,6.347000000003214,1.7769999999967059,4.569999999996289,2669.386000000488,2669.386000000488,0,3053.5270000002333,2785.2000000000453,268.32700000004775,7.402999999999999,0.015,,,,,0,,,0
Новосибирская область,2014-01-01,1.248,0.34900000000000003,0.899,2757.759,2757.759,0,3186.8559999999998,2887.18,299.676,7.8439999999999985,0.015,0.312,0.0014667841,0.0,0.0,0,0.0,0.0,0
Новосибирская область,2015-01-01,3.085,,3.085,2402.953,2402.953,0,2927.385,2568.399000000001,358.986,9.872,0.122,0.8340000000000001,0.0045549689,0.0,0.0,0,0.0,0.0,0
Новосибирская область,2016-01-01,3.951,0.373,3.5780000000000003,1347.517,1347.517,0,1923.94,1536.152,387.788,14.816,0.015,0.536,0.0032133345,0.0,0.0,0,0.0,0.0,0
Новосибирская область,2017-01-01,3.339,1.2790000000000001,2.06,1436.576,1436.576,0,2605.034,1856.321,748.7130000000002,7.859,59.901,0.001,2.784e-06,0.0,0.0,0,0.0,0.0,0
Омская область,2013-01-01,40874.92300001534,11444.977999999854,29429.945000008087,2205.263999999702,2205.263999999702,0,2219.531999999329,2207.0430000004635,12.489000000000214,0.45199999999999996,0.0,,,,,0,,,0
Омская область,2014-01-01,45055.03,12615.408,32439.622000000007,2000.304,2000.304,0,2018.387,2003.915,14.472,0.961,480.904,0.5579999999999999,0.0070335499,3.3810000000000002,3.3810000000000002,0,0.08900000000000001,0.08900000000000001,0
Омская область,2015-01-01,36255.989,,36255.989,1759.526,1759.526,0,1775.955,1761.652,14.302999999999999,1.0170000000000001,480.86100000000016,1.26,0.0179205633,1.916,1.916,0,0.105,0.105,0
Омская область,2016-01-01,51679.51,4403.142,47276.368,1327.398,1327.398,0,1341.453,1329.225,12.228,1.689,480.86100000000016,0.002,2.48973e-05,1.4220000000000002,1.4220000000000002,0,0.24700000000000005,0.24700000000000005,0
Омская область,2017-01-01,71496.385,27383.115,44113.27,1554.98,1554.98,0,1564.8480000000004,1556.46,8.388,1.5330000000000001,480.86100000000016,0.0,0.0,1.169,1.169,0,0.168,0.168,0
Оренбургская область,2013-01-01,5735.462000002369,1605.9290000002256,4129.53300000053,95614.92299995513,95614.92299995513,0,106449.74099997121,105944.08900000571,505.6520000000669,67.458,0.0,,,,,0,,,0
Оренбургская область,2014-01-01,3302.258000000001,924.6320000000001,2377.626,101114.868,101114.868,0,114109.83300000001,113492.18,617.653,21.336,0.0,77.441,1.6137868633,11680.027,11680.027,0,328.684,328.684,0
Оренбургская область,2015-01-01,1753.0110000000002,,1753.0110000000002,108480.281,108480.281,0,123098.995,122381.55300000001,717.442,39.815,0.0,87.88300000000002,1.6653528237000002,12078.19,12078.19,0,1379.938,1379.938,0
Оренбургская область,2016-01-01,1779.19,102.914,1676.276,92768.879,92768.879,0,106632.186,105849.94699999999,782.2389999999999,51.726000000000006,0.0,41.90600000000001,0.5690749212,11279.655,11279.655,0,1320.981,1320.981,0
Оренбургская область,2017-01-01,1730.895,662.933,1067.962,129776.673,129776.673,0,147568.705,146787.37099999998,781.3340000000002,89.516,0.0,37.353,0.2279543857,15287.489,15287.489,0,1244.497,1244.497,0
Орловская область,2013-01-01,,,,,,0,15.70699999999544,0.18499999999997113,15.52200000000469,0.2900000000000001,0.0,,,,,0,,,0
Орловская область,2014-01-01,0.0,0,0.0,0.0,0.0,0,17.349,0.192,17.157,0.4260000000000001,0.0,0.0,0.0,0.0,0.0,0,0.0,0.0,0
Орловская область,2015-01-01,0.0,,0.0,0.0,0.0,0,16.68,0.402,16.278000000000002,0.312,0.0,0.0,0.0,0.0,0.0,0,0.0,0.0,0
Орловская область,2016-01-01,0.0,0,0.0,0.0,0.0,0,14.690999999999999,0.547,14.144,0.272,0.0,0.0,0.0,0.0,0.0,0,0.0,0.0,0
Орловская область,2017-01-01,0.0,0,0.0,0.0,0.0,0,15.347999999999999,0.266,15.082,0.444,0.0,0.001,2.0188e-05,0.0,0.0,0,0.0,0.0,0
Пензенская область,2013-01-01,,,,699.2449999998767,699.2449999998767,0,718.0759999996477,700.36500000004,17.711000000005964,0.42400000000000004,0.0,,,,,0,,,0
Пензенская область,2014-01-01,0.0,0,0.0,657.8040000000002,657.8040000000002,0,688.1239999999999,662.8670000000002,25.256999999999998,0.42200000000000004,0.0,0.008,0.0003373483,0.0,0.0,0,0.0,0.0,0
Пензенская область,2015-01-01,0.0,,0.0,689.7689999999999,689.7689999999999,0,715.985,695.1840000000002,20.801,0.329,0.0,0.35300000000000004,0.0146077529,0.0,0.0,0,0.0,0.0,0
Пензенская область,2016-01-01,0.0,0,0.0,528.082,528.082,0,550.354,532.594,17.76,0.606,0.0,0.003,7.128439999999999e-05,0.0,0.0,0,0.0,0.0,0
Пензенская область,2017-01-01,0.0,0,0.0,668.659,668.659,0,696.813,674.2510000000001,22.561999999999998,1.151,0.0,0.0,0.0,0.0,0.0,0,0.0,0.0,0
Пермский край,2013-01-01,19291.882000008194,5401.727000000189,13890.1550000054,68934.81999999752,68934.81999999752,0,69499.65400000426,69167.18300000032,332.4709999998601,9.602,0.0,,,,,0,,,0
Пермский край,2014-01-01,17127.832000000002,4795.793000000001,12332.039,77601.225,77601.225,0,78262.232,77907.535,354.69699999999995,14.605,0.0,100.552,1.0062361383,123.321,123.321,0,-4.597,-4.597,0
Пермский край,2015-01-01,10005.494,,10005.494,88228.565,88228.565,0,89016.674,88701.109,315.565,23.74,0.0,89.946,0.8150129987000001,307.053,307.053,0,0.0,0.0,0
Пермский край,2016-01-01,21178.734,1743.8480000000002,19434.886000000002,78079.177,78079.177,0,78782.604,78523.86200000001,258.742,12.696,0.0,43.305,0.3236436543,326.571,326.571,0,0.0,0.0,0
Пермский край,2017-01-01,27624.478,10580.176,17044.302,111739.215,111739.215,0,112627.998,112265.587,362.411,26.10700000000001,0.0,10.663,0.0339141215,333.862,333.862,0,0.0,0.0,0
Приморский край,2013-01-01,,,,,,0,382.11899999989754,128.9229999999884,253.19599999998968,78.995,3.5060000000000002,,,,,0,,,0
Приморский край,2014-01-01,0.0,0,0.0,0.0,0.0,0,367.395,117.826,249.569,15.826,0.057,0.0,0.0,0.0,0.0,0,0.0,0.0,0
Приморский край,2015-01-01,-0.001,,-0.001,0.0,0.0,0,405.03,133.33,271.7,10.261,218.763,13.276,0.1820371459,0.0,0.0,0,0.0,0.0,0
Приморский край,2016-01-01,0.0,0,0.0,0.0,0.0,0,374.167,127.71,246.457,3.317,0.057,13.251,0.1544890308,0.0,0.0,0,0.0,0.0,0
Приморский край,2017-01-01,0.0,0,0.0,0.0,0.0,0,395.644,132.464,263.18,5.12,0.057,0.0,0.0,0.0,0.0,0,0.0,0.0,0
Псковская область,2013-01-01,,,,,,0,14.629000000002454,0.6520000000001852,13.976999999996783,1.073,0.0,,,,,0,,,0
Псковская область,2014-01-01,0.0,0,0.0,0.0,0.0,0,14.970999999999998,0.521,14.45,1.298,0.0,0.0,0.0,0.0,0.0,0,0.0,0.0,0
Псковская область,2015-01-01,0.0,,0.0,0.0,0.0,0,13.777999999999999,0.7020000000000001,13.075999999999999,1.4440000000000002,0.03,0.0,0.0,0.0,0.0,0,0.0,0.0,0
Псковская область,2016-01-01,0.0,0,0.0,0.0,0.0,0,11.565,0.484,11.081,1.719,0.0,0.0,0.0,0.0,0.0,0,0.0,0.0,0
Псковская область,2017-01-01,0.0,0,0.0,0.0,0.0,0,18.18,0.331,17.849,0.7809999999999999,0.0,0.0,0.0,0.0,0.0,0,0.0,0.0,0
Республика Адыгея,2013-01-01,5.100999999902117,1.4279999999942883,3.6729999999376983,0.0030000000000029994,0.0030000000000029994,0,133.90200000004904,112.55499999996839,21.346999999991482,0.8090000000000002,0.0030000000000000165,,,,,0,,,0
Республика Адыгея,2014-01-01,0.07400000000000001,0.021,0.053000000000000005,0.001,0.001,0,157.491,135.00799999999998,22.483,1.3090000000000002,0.115,0.006999999999999999,0.000920268,129.395,129.395,0,1.0390000000000001,1.0390000000000001,0
Республика Адыгея,2015-01-01,-0.047,,-0.047,0.0,0.0,0,120.48200000000001,95.948,24.534,1.631,0.11900000000000001,0.023,0.002761678,87.21900000000002,87.21900000000002,0,3.595,3.595,0
Республика Адыгея,2016-01-01,11.102,0.076,11.026,0.0,0.0,0,146.945,124.4,22.545,2.947,0.47600000000000003,0.453,0.0423545383,112.269,112.269,0,6.6510000000000025,6.6510000000000025,0
Республика Адыгея,2017-01-01,-10.845999999999998,-4.154,-6.692,0.0,0.0,0,147.167,114.04899999999999,33.118,2.403,0.078,0.0,0.0,101.938,101.938,0,6.745,6.745,0
Республика Алтай,2013-01-01,,,,,,0,36.74600000000179,13.219000000004627,23.527000000010602,12.001,0.0,,,,,0,,,0
Республика Алтай,2014-01-01,0.0,0,0.0,-0.001,-0.001,0,39.647,14.197,25.45,14.088,0.0,0.0,0.0,0.0,0.0,0,0.0,0.0,0
Республика Алтай,2015-01-01,0.0,,0.0,0.0,0.0,0,44.026,16.038,27.988000000000003,13.390999999999998,0.0,0.0,0.0,0.0,0.0,0,0.0,0.0,0
Республика Алтай,2016-01-01,0.0,0,0.0,0.0,0.0,0,51.893,19.801,32.092,8.917,0.0,0.023,0.0024932276,0.0,0.0,0,0.0,0.0,0
Республика Алтай,2017-01-01,0.0,0,0.0,0.0,0.0,0,78.086,29.724,48.361999999999995,22.518,0.0,0.21600000000000005,0.0113766002,0.0,0.0,0,0.0,0.0,0
Республика Башкортостан,2013-01-01,41219.32500000649,11541.41099999544,29677.914000000204,57816.000000004,57816.000000004,0,58399.40199999501,58023.83299997895,375.569000000152,8.213,27.65000000000001,,,,,0,,,0
Республика Башкортостан,2014-01-01,43881.373,12286.784,31594.589,65553.679,65553.679,0,66152.817,65767.78,385.037,18.258,27.85400000000001,22.22900000000001,0.2297896684,19.832,19.832,0,0.0,0.0,0
Республика Башкортостан,2015-01-01,34512.585,,34512.585,79294.12400000001,79294.12400000001,0,79958.886,79541.147,417.739,51.018,0.0,59.076,0.5753338609,19.594,19.594,0,-0.005,-0.005,0
Республика Башкортостан,2016-01-01,45766.317,3740.2630000000004,42026.054000000004,68061.822,68061.822,0,68840.034,68347.687,492.347,22.286,0.01,87.98700000000002,0.7715854644,17.894000000000005,17.894000000000005,0,0.0,0.0,0
Республика Башкортостан,2017-01-01,53229.017,20386.714,32842.303,97327.13,97327.13,0,98149.45199999999,97630.125,519.327,19.632,0.322,6.2940000000000005,0.024604601400000002,18.559,18.559,0,0.0,0.0,0
Республика Бурятия,2013-01-01,,,,,,0,700.2690000000273,270.53399999993,429.73499999997193,4.253000000000014,0.0,,,,,0,,,0
Республика Бурятия,2014-01-01,0.006999999999999999,0.002,0.005,0.0,0.0,0,782.921,308.147,474.774,139.173,0.0,0.0,0.0,0.0,0.0,0,0.0,0.0,0
Республика Бурятия,2015-01-01,-0.006999999999999999,,-0.006999999999999999,0.0,0.0,0,1145.82,453.45599999999996,692.3639999999999,113.56700000000001,0.0,0.006999999999999999,0.0002728796,0.0,0.0,0,0.0,0.0,0
Республика Бурятия,2016-01-01,0.0,0,0.0,0.0,0.0,0,1246.8870000000004,495.69599999999997,751.191,86.28299999999999,0.0,0.0,0.0,0.0,0.0,0,0.0,0.0,0
Республика Бурятия,2017-01-01,0.0,0,0.0,0.0,0.0,0,1190.278,468.643,721.635,4.026,0.0,0.184,0.0025800119,0.0,0.0,0,0.0,0.0,0
Республика Дагестан,2013-01-01,14.527000000015008,4.066999999998134,10.459999999968247,667.0509999999571,667.0509999999571,0,779.5400000003102,761.2689999997984,18.27100000000507,5.174999999999998,1.56,,,,,0,,,0
Республика Дагестан,2014-01-01,1.867,0.523,1.344,702.4820000000003,702.4820000000003,0,824.827,806.4019999999999,18.425,11.265999999999998,0.6409999999999999,9.958,0.08229931630000001,99.838,99.838,0,2.44,2.44,0
Республика Дагестан,2015-01-01,0.597,,0.597,873.1419999999998,873.1419999999998,0,1002.391,974.424,27.967,14.896,0.275,30.621,0.3406195202,84.19800000000002,84.19800000000002,0,13.76,13.76,0
Республика Дагестан,2016-01-01,2.269,-0.155,2.424,737.07,737.07,0,839.086,813.56,25.526,14.104000000000001,0.14300000000000002,55.365,0.5426750484,67.456,67.456,0,9.089,9.089,0
Республика Дагестан,2017-01-01,30.992,11.870000000000001,19.122,871.4240000000003,871.4240000000003,0,953.824,937.083,16.741,37.334,0.05,265.18100000000004,1.294756398,51.482,51.482,0,12.675999999999998,12.675999999999998,0
Республика Ингушетия,2013-01-01,,,,141.64100000001756,141.64100000001756,0,143.49700000002278,141.64100000001758,1.8559999999996284,472.51099999999997,1.845,,,,,0,,,0
Республика Ингушетия,2014-01-01,0.0,0,0.0,173.07299999999995,173.07299999999995,0,174.99099999999999,173.07299999999998,1.918,463.78,1.845,2.9330000000000003,0.1872889966,0.0,0.0,0,0.0,0.0,0
Республика Ингушетия,2015-01-01,0.01,,0.01,250.343,250.343,0,251.0,250.343,0.657,465.425,1.845,754.8910000000003,46.460749153900004,0.0,0.0,0,0.0,0.0,0
Республика Ингушетия,2016-01-01,0.002,0,0.002,214.517,214.517,0,217.12599999999998,214.527,2.5989999999999998,465.062,1.845,751.419,33.590057880399996,0.0,0.0,0,0.0,0.0,0
Республика Ингушетия,2017-01-01,0.0,0,0.0,287.694,287.694,0,289.394,287.684,1.71,3.1020000000000003,0.0,4.0760000000000005,0.143258117,0.0,0.0,0,0.0,0.0,0
Республика Калмыкия,2013-01-01,,,,599.0350000000914,599.0350000000914,0,627.6909999998259,626.9799999997159,0.7110000000004103,121.063,0.006,,,,,0,,,0
Республика Калмыкия,2014-01-01,0.0,0,0.0,497.56300000000016,497.56300000000016,0,533.807,533.211,0.596,127.894,0.006,151.874,12.053539895,35.66,35.66,0,0.0,0.0,0
Республика Калмыкия,2015-01-01,0.0,,0.0,656.182,656.182,0,686.201,685.5219999999999,0.679,131.355,0.0,165.511,18.9938626933,29.34,29.34,0,0.0,0.0,0
Республика Калмыкия,2016-01-01,0.0,0,0.0,698.409,698.409,0,721.046,720.523,0.523,70.548,0.0,100.139,11.7769992226,22.114,22.114,0,0.0,0.0,0
Республика Калмыкия,2017-01-01,0.0,0,0.0,811.22,811.22,0,848.355,848.0840000000002,0.271,18.439,0.0,91.25,2.8409462389999995,36.864000000000004,36.864000000000004,0,0.0,0.0,0
Республика Карелия,2013-01-01,,,,,,0,726.0430000003048,230.28900000000627,495.75400000026866,13.934000000000001,0.0,,,,,0,,,0
Республика Карелия,2014-01-01,0.0,0,0.0,0.0,0.0,0,658.065,203.708,454.35699999999997,15.304,0.0,0.0,0.0,0.0,0.0,0,0.0,0.0,0
Республика Карелия,2015-01-01,0.0,,0.0,0.0,0.0,0,703.191,224.705,478.4860000000001,18.042,0.0,0.0,0.0,0.0,0.0,0,0.0,0.0,0
Республика Карелия,2016-01-01,0.0,0,0.0,0.0,0.0,0,770.927,250.412,520.515,14.993,0.0,0.0,0.0,0.0,0.0,0,0.0,0.0,0
Республика Карелия,2017-01-01,0.0,0,0.0,0.0,0.0,0,801.663,258.723,542.94,21.924,0.0,0.0,0.0,0.0,0.0,0,0.0,0.0,0
Республика Коми,2013-01-01,6245.039000000041,1748.6110000004594,4496.427999999368,56920.7749999886,56920.7749999886,0,58177.40000001272,57881.12600000991,296.2740000000443,53.230000000000004,0.0,,,,,0,,,0
Республика Коми,2014-01-01,7314.121,2047.9540000000002,5266.167,63765.342,63765.342,0,64954.029,64736.364,217.665,110.212,0.0,172.845,3.90089081,780.8639999999998,780.8639999999998,0,83.725,83.725,0
Республика Коми,2015-01-01,5136.483,,5136.483,76382.965,76382.965,0,78027.077,77695.968,331.1090000000001,45.842,0.0,125.379,2.6739453955,692.8810000000003,692.8810000000003,0,432.899,432.899,0
Республика Коми,2016-01-01,7726.244000000002,532.965,7193.279,66518.969,66518.969,0,68325.34599999999,68043.132,282.214,339.298,0.0,403.81300000000016,7.031699615700001,725.181,725.181,0,654.571,654.571,0
Республика Коми,2017-01-01,8924.129,3417.9410000000003,5506.188,84170.141,84170.141,0,86423.68800000001,86012.224,411.464,863.575,0.0,658.3939999999999,5.152259498399999,1024.353,1024.353,0,598.693,598.693,0
Республика Крым,2015-01-01,0.0,,0.0,61.955,61.955,0,281.684,216.641,65.043,0.033,0.0,0.435,0.23338161920000006,0.735,0.735,0,2.474,2.474,0
Республика Крым,2016-01-01,0.0,0,0.0,55.556000000000004,55.556000000000004,0,330.74300000000005,217.289,113.454,0.08900000000000001,0.0,0.746,0.1120029307,0.7170000000000001,0.7170000000000001,0,3.318,3.318,0
Республика Крым,2017-01-01,0.0,0,0.0,75.15400000000002,75.15400000000002,0,1264.8,1074.622,190.178,0.002,0.0,0.188,0.0098129075,5.144,5.144,0,20.085,20.085,0
Республика Марий Эл,2013-01-01,78.3210000091348,21.929999997884554,56.390999998209054,,,0,15.083000000008557,,15.082000000000637,1.336,0.0,,,,,0,,,0
Республика Марий Эл,2014-01-01,0.29400000000000004,0.082,0.212,0.0,0.0,0,13.27,0.0,13.27,0.745,0.0,0.0,0.0,0.0,0.0,0,0.0,0.0,0
Республика Марий Эл,2015-01-01,2.154,,2.154,0.0,0.0,0,15.177,0.0,15.177,1.196,0.0,0.0,0.0,0.0,0.0,0,0.0,0.0,0
Республика Марий Эл,2016-01-01,-0.171,-0.171,0.0,0.0,0.0,0,11.623,0.0,11.623,1.075,0.0,0.006999999999999999,0.0003554189,0.0,0.0,0,0.0,0.0,0
Республика Марий Эл,2017-01-01,0.418,0.16,0.258,0.0,0.0,0,15.151000000000002,0.001,15.15,0.383,0.0,0.0,0.0,0.0,0.0,0,0.0,0.0,0
Республика Мордовия,2013-01-01,,,,,,0,42.25299999998743,11.234000000000487,31.018999999985837,0.23500000000000032,0.0,,,,,0,,,0
Республика Мордовия,2014-01-01,0.0,0,0.0,0.0,0.0,0,44.758,12.210999999999999,32.547000000000004,1.4460000000000002,0.0,91.182,2.8962867483,0.0,0.0,0,0.0,0.0,0
Республика Мордовия,2015-01-01,0.0,,0.0,0.0,0.0,0,32.672000000000004,7.065,25.607000000000006,2.044,0.0,91.182,2.5670926104,0.0,0.0,0,0.0,0.0,0
Республика Мордовия,2016-01-01,0.0,0,0.0,0.0,0.0,0,26.122,7.437,18.685,0.46,0.0,91.2,2.7869973129,0.0,0.0,0,0.0,0.0,0
Республика Мордовия,2017-01-01,0.0,0,0.0,0.0,0.0,0,34.09,9.691,24.399,0.542,0.0,0.0,0.0,0.0,0.0,0,0.0,0.0,0
Республика Саха (Якутия),2013-01-01,315.81100000004443,88.42700000001855,227.38400000006504,2505.018999999937,2505.018999999937,0,14019.502999998793,4349.732999999833,9669.770000002432,106.876,28.846,,,,,0,,,0
Республика Саха (Якутия),2014-01-01,405.227,113.464,291.7630000000001,34530.393000000004,34530.393000000004,0,50084.694,36257.924,13826.77,113.039,0.0,130.69400000000002,2.3069780906,653.614,653.614,0,40.134,40.134,0
Республика Саха (Якутия),2015-01-01,389.645,,389.645,47295.807,47295.807,0,73506.985,48899.398,24607.587000000003,478.68300000000005,0.0,423.037,6.304509491,130.217,130.217,0,27.395,27.395,0
Республика Саха (Якутия),2016-01-01,413.085,26.225,386.86,42832.229000000014,42832.229000000014,0,63996.62,44663.825999999994,19332.793999999998,562.18,0.0,288.322,3.3446363284,139.888,139.888,0,49.672,49.672,0
Республика Саха (Якутия),2017-01-01,379.31300000000016,145.27700000000002,234.036,64986.049000000006,64986.049000000006,0,85718.41,66866.556,18851.854,237.082,0.0,26.62,0.1628514344,131.928,131.928,0,58.753,58.753,0
Республика Северная Осетия-Алания,2013-01-01,0.052000000000052005,0.014999999999925002,0.037000000000037,,,0,12.92900000000356,0.6139999999999108,12.315000000002463,1.772,0.006,,,,,0,,,0
Республика Северная Осетия-Алания,2014-01-01,0.004,0.001,0.003,0.0,0.0,0,13.380999999999998,0.674,12.707,0.752,0.006,0.081,0.0010721755,0.0,0.0,0,0.0,0.0,0
Республика Северная Осетия-Алания,2015-01-01,0.0,,0.0,0.0,0.0,0,9.232,0.302,8.93,0.7,0.0,0.308,0.005804757,0.0,0.0,0,0.0,0.0,0
Республика Северная Осетия-Алания,2016-01-01,0.0,0,0.0,0.006,0.006,0,15.995999999999999,0.35,15.645999999999999,2.847,6.93,0.051,0.000775108,0.0,0.0,0,0.0,0.0,0
Республика Северная Осетия-Алания,2017-01-01,0.005,0.002,0.003,0.0,0.0,0,15.74,0.34700000000000003,15.392999999999999,2.176,0.0,0.4920000000000001,0.0037694803,0.0,0.0,0,0.0,0.0,0
Республика Татарстан,2013-01-01,8848.017000003298,2477.445000000882,6370.572000001625,134082.65099994416,134082.65099994416,0,134162.63899996397,134087.28400002906,75.35500000000238,64.549,0.0,,,,,0,,,0
Республика Татарстан,2014-01-01,11456.982,3207.955,8249.027,149424.946,149424.946,0,149516.59,149428.93,87.66,8.719000000000001,0.0,50.2,0.6049514918,0.0,0.0,0,0.0,0.0,0
Республика Татарстан,2015-01-01,4634.673,,4634.673,166405.17,166405.17,0,166487.451,166409.637,77.81400000000002,10.25,2.03,20.597,0.2141555832,0.0,0.0,0,0.0,0.0,0
Республика Татарстан,2016-01-01,5563.2220000000025,292.057,5271.165,147692.837,147692.837,0,147778.609,147697.5,81.10900000000002,13.178,2.03,81.902,0.7333040198,0.0,0.0,0,0.0,0.0,0
Республика Татарстан,2017-01-01,2607.455,998.6550000000001,1608.8,228255.633,228255.633,0,228343.05899999998,228260.38199999998,82.677,11.909,2.03,0.326,0.0014071064000000001,0.0,0.0,0,0.0,0.0,0
Республика Тыва,2013-01-01,,,,,,0,166.7280000000286,65.95699999997352,100.77100000001195,7.760000000000002,0.038,,,,,0,,,0
Республика Тыва,2014-01-01,0.0,0,0.0,0.0,0.0,0,210.747,75.805,134.942,2.1430000000000002,0.038,0.0,0.0,0.0,0.0,0,0.0,0.0,0
Республика Тыва,2015-01-01,0.0,,0.0,0.0,0.0,0,281.61,118.23899999999999,163.371,13.048,0.0,0.0,0.0,0.0,0.0,0,0.0,0.0,0
Республика Тыва,2016-01-01,0.0,0,0.0,0.0,0.0,0,382.484,151.40200000000004,231.082,6.015,0.0,0.0,0.0,0.0,0.0,0,0.0,0.0,0
Республика Тыва,2017-01-01,0.0,0,0.0,0.0,0.0,0,256.096,100.87200000000001,155.22400000000005,4.066,0.0,0.013000000000000001,0.001086377,0.0,0.0,0,0.0,0.0,0
Республика Хакасия,2013-01-01,,,,,,0,723.2899999999671,286.98700000012,436.3030000001051,1.5410000000000004,0.0,,,,,0,,,0
Республика Хакасия,2014-01-01,0.0,0,0.0,0.0,0.0,0,676.2520000000002,267.528,408.7240000000001,11.818,0.0,0.002,0.0001604843,0.0,0.0,0,0.0,0.0,0
Республика Хакасия,2015-01-01,0.0,,0.0,0.0,0.0,0,884.005,351.1380000000001,532.8670000000002,26.78,0.0,0.002,0.0001371209,0.0,0.0,0,0.0,0.0,0
Республика Хакасия,2016-01-01,0.0,0,0.0,0.0,0.0,0,992.932,393.729,599.203,46.408,0.0,0.002,0.0001047588,0.0,0.0,0,0.0,0.0,0
Республика Хакасия,2017-01-01,0.0,0,0.0,0.0,0.0,0,1172.798,465.27200000000005,707.5260000000002,48.69,0.0,0.0,0.0,0.0,0.0,0,0.0,0.0,0
Ростовская область,2013-01-01,,,,0.8809999999998955,0.8809999999998955,0,455.8720000001369,267.5310000000833,188.34099999998216,21.781000000000002,0.5790000000000001,,,,,0,,,0
Ростовская область,2014-01-01,-41.065,-11.498000000000001,-29.567,2.1060000000000003,2.1060000000000003,0,601.5260000000002,338.35699999999997,263.16900000000004,13.629000000000001,0.0,0.42200000000000004,0.0019626564000000003,235.535,235.535,0,-1.161,-1.161,0
Ростовская область,2015-01-01,0.647,,0.647,0.0,0.0,0,602.486,341.11699999999996,261.369,20.457,0.0,1.083,0.005631123399999999,227.36,227.36,0,8.488999999999999,8.488999999999999,0
Ростовская область,2016-01-01,-1.137,-0.137,-1.0,0.0,0.0,0,583.159,335.11,248.049,19.039,0.0,1.185,0.0047904521,235.032,235.032,0,11.246,11.246,0
Ростовская область,2017-01-01,-0.16,-0.061000000000000006,-0.099,0.0,0.0,0,862.2819999999999,495.10699999999997,367.175,16.717000000000002,0.0,7.997999999999998,0.0177322689,331.6520000000001,331.6520000000001,0,9.338,9.338,0
Рязанская область,2013-01-01,41569.85199998735,11639.559000006646,29930.292999993082,,,0,52.33700000000023,2.180999999999872,50.155999999993995,2.204,0.0,,,,,0,,,0
Рязанская область,2014-01-01,27955.896,7827.651000000001,20128.245,0.0,0.0,0,68.687,3.1319999999999997,65.555,4.259,0.0,0.0,0.0,0.0,0.0,0,0.0,0.0,0
Рязанская область,2015-01-01,27691.545,,27691.545,0.0,0.0,0,63.95800000000001,3.4139999999999997,60.544,5.001,0.0,0.064,0.0012914119,0.0,0.0,0,0.0,0.0,0
Рязанская область,2016-01-01,41350.82,3114.8630000000003,38235.957,0.0,0.0,0,56.865,2.7110000000000003,54.153999999999996,1.5519999999999998,0.0,0.335,0.0055029562,0.0,0.0,0,0.0,0.0,0
Рязанская область,2017-01-01,45513.785,17431.78,28082.005,0.0,0.0,0,54.488,3.1790000000000003,51.30900000000001,2.968,0.0,0.016,0.0001427839,0.0,0.0,0,0.0,0.0,0
Самарская область,2013-01-01,45187.96300000049,12652.628999998811,32535.333999996623,60462.50400001356,60462.50400001356,0,60548.648999977784,60469.49999999358,79.14899999999176,2.777,2.556,,,,,0,,,0
Самарская область,2014-01-01,32374.702,9064.916000000001,23309.786,68586.067,68586.067,0,68671.932,68592.166,79.766,3.282,2.556,35.929,0.2342927845,0.0,0.0,0,0.0,0.0,0
Самарская область,2015-01-01,27278.24,,27278.24,80640.871,80640.871,0,80716.545,80647.354,69.191,3.5,0.526,40.942,0.2589776865,0.0,0.0,0,0.0,0.0,0
Самарская область,2016-01-01,41613.316,3430.819,38182.497,74681.35,74681.35,0,74740.244,74685.27799999999,54.966,6.505,6.739,50.332,0.2621585316,0.0,0.0,0,0.0,0.0,0
Самарская область,2017-01-01,50086.84099999999,19183.260000000002,30903.581,104354.946,104354.946,0,104416.04199999999,104358.35699999999,57.685,8.004,1.261,2.661,0.0068666791,0.0,0.0,0,0.0,0.0,0
Саратовская область,2013-01-01,9583.315999997496,2683.3279999993024,6899.987999997391,4358.2209999981515,4358.2209999981515,0,4731.985999998377,4677.333999999504,54.65200000001439,10.015999999999998,0.05499999999999261,,,,,0,,,0
Саратовская область,2014-01-01,9854.674,2759.308,7095.366,4649.681000000001,4649.681000000001,0,5240.9450000000015,5182.951,57.994,15.93,24.967,43.237,0.7227791013,497.274,497.274,0,35.944,35.944,0
Саратовская область,2015-01-01,7972.291999999998,,7972.291999999998,5558.762000000002,5558.762000000002,0,6297.499000000002,6243.948,53.551,178.234,0.031,187.782,2.6699361116,532.811,532.811,0,152.292,152.292,0
Саратовская область,2016-01-01,14072.341,1100.43,12971.911,5514.508000000002,5514.508000000002,0,6404.066999999999,6345.517000000002,58.55,35.959,0.031,46.407,0.5812770107,617.428,617.428,0,213.495,213.495,0
Саратовская область,2017-01-01,13323.716,5102.983,8220.733,8115.195000000002,8115.195000000002,0,8985.282000000001,8926.957,58.325,29.023000000000003,0.8009999999999999,109.148,0.6814342809,639.945,639.945,0,171.72400000000005,171.72400000000005,0
Сахалинская область,2013-01-01,138.30300000003115,38.72500000001093,99.57799999997728,3688.0550000006733,3688.0550000006733,0,3943.08399999865,3815.566999999386,127.51699999995574,42.497,13.932,,,,,0,,,0
Сахалинская область,2014-01-01,183.08900000000003,51.265,131.82399999999998,3760.6,3760.6,0,4033.633,3897.845,135.78799999999998,44.26,15.771,129.041,2.7188242567,70.35300000000001,70.35300000000001,0,30.321,30.321,0
Сахалинская область,2015-01-01,95.044,,95.044,8484.122000000001,8484.122000000001,0,8924.591,8635.940999999999,288.65,17.442,7.556,7.5630000000000015,0.1459966457,12.050999999999998,12.050999999999998,0,2.9490000000000003,2.9490000000000003,0
Сахалинская область,2016-01-01,135.77,11.22,124.55,8476.347,8476.347,0,8994.418,8649.098,345.32,22.801,15.373,1254.917,18.65926888,9.697000000000001,9.697000000000001,0,4.131,4.131,0
Сахалинская область,2017-01-01,234.533,89.82600000000001,144.707,11029.526000000002,11029.526000000002,0,11499.105,11181.886999999999,317.218,13.064,21.575,22.347,0.1576287645,9.716000000000001,9.716000000000001,0,3.7960000000000003,3.7960000000000003,0
Свердловская область,2013-01-01,,,,,,0,1727.5070000008063,637.1860000000647,1090.320999999459,25.323,0.364,,,,,0,,,0
Свердловская область,2014-01-01,0.001,0,0.001,-0.044000000000000004,-0.044000000000000004,0,1520.03,548.12,971.91,57.401,0.364,5.9460000000000015,0.0300150848,0.0,0.0,0,0.0,0.0,0
Свердловская область,2015-01-01,0.0,,0.0,0.0,0.0,0,1955.609,730.283,1225.326,35.026,0.364,12.713,0.060667997,0.0,0.0,0,0.0,0.0,0
Свердловская область,2016-01-01,0.027000000000000003,0.003,0.024,0.0,0.0,0,2231.1240000000007,836.7739999999999,1394.35,129.014,0.364,10.251,0.0384691421,0.0,0.0,0,0.0,0.0,0
Свердловская область,2017-01-01,0.0,0,0.0,0.0,0.0,0,1881.404,699.442,1181.962,209.696,0.0,0.34500000000000003,0.0006563152,0.0,0.0,0,0.0,0.0,0
Смоленская область,2013-01-01,,,,,,0,31.064999999998243,0.07400000000001575,30.990999999999573,4.178,0.0,,,,,0,,,0
Смоленская область,2014-01-01,0.0,0,0.0,0.0,0.0,0,28.691999999999997,0.047,28.645,4.14,0.005,0.0,0.0,0.0,0.0,0,0.0,0.0,0
Смоленская область,2015-01-01,0.0,,0.0,0.0,0.0,0,22.365,0.039,22.326,0.6960000000000001,0.001,0.0,0.0,0.0,0.0,0,0.0,0.0,0
Смоленская область,2016-01-01,0.0,0,0.0,0.0,0.0,0,26.71,0.033,26.677,4.463,0.0,0.63,0.015374242,0.0,0.0,0,0.0,0.0,0
Смоленская область,2017-01-01,0.0,0,0.0,0.0,0.0,0,26.381,0.034,26.346999999999998,5.3100000000000005,0.0,0.611,0.0048871571,0.0,0.0,0,0.0,0.0,0
Ставропольский край,2013-01-01,-76.34811393947133,-21.377537422507228,-54.97057651704967,3827.20799999987,3827.20799999987,0,4085.0590000009583,4033.737000000314,51.32200000000196,3.387,0.20000000000015916,,,,,0,,,0
Ставропольский край,2014-01-01,-176.717,-49.481,-127.236,4132.459,4132.459,0,4388.687,4329.532999999999,59.153999999999996,5.091,639.5540000000002,0.8430000000000001,0.0053174629,153.48600000000005,153.48600000000005,0,27.776,27.776,0
Ставропольский край,2015-01-01,-1707.9029999999998,,-1707.9029999999998,4935.960999999998,4935.960999999998,0,5159.305,5101.346000000001,57.958999999999996,3.141,642.427,1.545,0.0110119921,143.47899999999996,143.47899999999996,0,4.7040000000000015,4.7040000000000015,0
Ставропольский край,2016-01-01,-4307.194,-313.01,-3994.184,4357.539000000002,4357.539000000002,0,4572.721000000001,4524.340999999999,48.38,4.168,0.135,0.16699999999999998,0.001335149,143.37,143.37,0,6.343,6.343,0
Ставропольский край,2017-01-01,-6155.314,-2357.485,-3797.829,6054.555,6054.555,0,6321.602,6275.946999999999,45.655,5.811,0.135,0.012,5.12533e-05,200.645,200.645,0,5.14,5.14,0
Тамбовская область,2013-01-01,,,,,,0,9.328000000000447,,9.32799999999849,0.13899999999999998,0.0,,,,,0,,,0
Тамбовская область,2014-01-01,0.0,0,0.0,0.0,0.0,0,9.302999999999999,0.016,9.287,0.002,0.0,0.165,0.0052351137,0.0,0.0,0,0.0,0.0,0
Тамбовская область,2015-01-01,0.0,,0.0,0.0,0.0,0,10.549,0.002,10.547,0.5489999999999999,0.0,1.22,0.0358824585,0.0,0.0,0,0.0,0.0,0
Тамбовская область,2016-01-01,0.0,0,0.0,0.0,0.0,0,8.916,0.011,8.905,0.5690000000000001,0.0,1.81,0.0304307191,0.0,0.0,0,0.0,0.0,0
Тамбовская область,2017-01-01,0.0,0,0.0,0.0,0.0,0,9.448,0.013,9.435,0.383,0.0,0.0,0.0,0.0,0.0,0,0.0,0.0,0
Тверская область,2013-01-01,178.98999999998108,50.116999999989844,128.87299999998822,,,0,41.23199999999011,1.197000000000426,40.034999999994625,1.4050000000000002,0.0,,,,,0,,,0
Тверская область,2014-01-01,392.37,109.864,282.50600000000014,0.0,0.0,0,31.971999999999998,0.978,30.994,3.1180000000000003,0.0,0.654,0.0082718436,0.0,0.0,0,0.0,0.0,0
Тверская область,2015-01-01,296.307,,296.307,0.0,0.0,0,34.13,0.7909999999999999,33.339,1.649,0.0,0.7879999999999999,0.0094278864,0.0,0.0,0,0.0,0.0,0
Тверская область,2016-01-01,320.099,24.602,295.497,0.0,0.0,0,45.87,0.39299999999999996,45.477,2.408,13.639000000000001,0.055,0.0006388650000000001,0.0,0.0,0,0.0,0.0,0
Тверская область,2017-01-01,277.023,106.10000000000001,170.923,0.0,0.0,0,46.651,0.39799999999999996,46.253,6.146,13.639000000000001,0.0,0.0,0.0,0.0,0,0.0,0.0,0
Томская область,2013-01-01,240.9409999999439,67.4629999999989,173.47800000002778,60144.324000016466,60144.324000016466,0,61922.39699999186,61900.50500000786,21.89200000000472,52.71200000000001,-8.881784197001252e-16,,,,,0,,,0
Томская область,2014-01-01,309.867,86.763,223.104,62245.669,62245.669,0,64136.982,64127.502,9.48,7.004,5.8039999999999985,138.531,4.0725761761,1850.711,1850.711,0,29.79600000000001,29.79600000000001,0
Томская область,2015-01-01,291.6090000000001,,291.6090000000001,65286.563,65286.563,0,68049.202,68019.814,29.388,30.661,0.923,153.609,4.1749075038,1615.2530000000006,1615.2530000000006,0,1116.985,1116.985,0
Томская область,2016-01-01,428.543,32.871,395.672,52804.242,52804.242,0,56032.123,55996.496,35.626999999999995,6.75,0.0,105.352,2.5521150903,1631.931,1631.931,0,1559.78,1559.78,0
Томская область,2017-01-01,445.088,170.46800000000002,274.62,74346.762,74346.762,0,79117.07,79089.515,27.555,11.264000000000001,0.0,21.073,0.2305530176,2760.559,2760.559,0,1982.1370000000002,1982.1370000000002,0
Тульская область,2013-01-01,,,,,,0,155.23399999998554,3.722000000000409,151.51199999996038,20.553000000000004,0.0,,,,,0,,,0
Тульская область,2014-01-01,0.0,0,0.0,0.0,0.0,0,173.112,3.4080000000000004,169.704,24.159000000000002,0.0,0.07,0.0014547087,0.0,0.0,0,0.0,0.0,0
Тульская область,2015-01-01,0.598,,0.598,0.0,0.0,0,171.25400000000005,4.022,167.232,25.228,0.0,0.081,0.0015210979,0.0,0.0,0,0.0,0.0,0
Тульская область,2016-01-01,0.16,0,0.16,0.0,0.0,0,149.644,4.623,145.02100000000004,8.474,0.0,0.002,2.79901e-05,0.0,0.0,0,0.0,0.0,0
Тульская область,2017-01-01,0.16399999999999998,0.063,0.101,0.0,0.0,0,181.175,6.678,174.497,6.569,0.0,0.0,0.0,0.0,0.0,0,0.0,0.0,0
Тюменская область,2013-01-01,2020.301999999365,565.6839999997809,1454.6179999998994,49922.99600000801,49922.99600000801,0,49975.33400001967,49923.4449999886,51.8890000000042,29.724,0.0,,,,,0,,,0
Тюменская область,2014-01-01,1983.902,555.4920000000001,1428.41,57958.105,57958.105,0,58007.262,57958.725,48.537,30.137,0.0,480.177,8.759809194099999,0.0,0.0,0,0.0,0.0,0
Тюменская область,2015-01-01,-159.89700000000005,,-159.89700000000005,68428.17,68428.17,0,68486.99900000001,68428.735,58.263999999999996,32.674,0.0,260.93,4.6693691851,0.0,0.0,0,0.0,0.0,0
Тюменская область,2016-01-01,-1188.557,-95.043,-1093.514,62157.194,62157.194,0,62252.251,62157.876,94.375,23.625,0.0,247.097,3.4369613165,0.0,0.0,0,0.0,0.0,0
Тюменская область,2017-01-01,-4200.827,-1608.9170000000001,-2591.91,81362.185,81362.185,0,81445.015,81363.018,81.99700000000001,9.442,0.0,0.5670000000000001,0.0034119925,0.0,0.0,0,0.0,0.0,0
Удмуртская Республика,2013-01-01,,,,46434.81899998847,46434.81899998847,0,46455.12900001066,46434.62299998035,20.505999999992998,3.9220000000000113,0.0,,,,,0,,,0
Удмуртская Республика,2014-01-01,0.0,0,0.0,50013.819,50013.819,0,50030.26,50013.884000000005,16.375999999999998,28.82800000000001,0.0,26.159000000000002,0.3790916582,0.0,0.0,0,0.0,0.0,0
Удмуртская Республика,2015-01-01,0.0,,0.0,57340.192,57340.192,0,57356.808,57340.206,16.602,83.51400000000002,0.0,18.402,0.2593129742,0.0,0.0,0,0.0,0.0,0
Удмуртская Республика,2016-01-01,0.0,0,0.0,50302.195,50302.195,0,50319.66,50302.225999999995,17.434,82.24799999999998,0.0,191.077,2.7518354979,0.0,0.0,0,0.0,0.0,0
Удмуртская Республика,2017-01-01,0.0,0,0.0,74309.734,74309.734,0,74331.946,74309.757,22.189,37.794000000000004,221.706,40.62,0.3115426793,0.0,0.0,0,0.0,0.0,0
Ульяновская область,2013-01-01,18.509999999999497,5.182999999998847,13.326999999997224,3068.173999999,3068.173999999,0,3109.6030000007304,3081.056999998812,28.546000000001087,0.72,0.0,,,,,0,,,0
Ульяновская область,2014-01-01,20.12,5.634,14.486,3278.124000000001,3278.124000000001,0,3317.869,3289.6209999999996,28.248,1.236,0.0,0.006,0.0002018187,0.0,0.0,0,0.0,0.0,0
Ульяновская область,2015-01-01,15.018,,15.018,3690.73,3690.73,0,3729.99,3701.45,28.54,2.241,0.0,2.944,0.050001639,0.0,0.0,0,0.0,0.0,0
Ульяновская область,2016-01-01,7.644,0.67,6.974,3154.429,3154.429,0,3195.094,3164.707000000001,30.386999999999997,2.738,0.0,0.6709999999999999,0.0113400969,0.0,0.0,0,0.0,0.0,0
Ульяновская область,2017-01-01,2.4410000000000003,0.935,1.506,4445.672000000001,4445.672000000001,0,4481.432,4454.733,26.699,1.5490000000000002,0.0,0.0,0.0,0.0,0.0,0,0.0,0.0,0
Хабаровский край,2013-01-01,12395.505999999492,3470.7419999981594,8924.764000001376,,,0,2373.4649999988424,931.263999999604,1442.2009999994636,13.621999999999993,0.0,,,,,0,,,0
Хабаровский край,2014-01-01,10623.043,2974.452,7648.5909999999985,0.0,0.0,0,2219.25,874.3860000000002,1344.864,51.20399999999999,0.0,1.163,0.0116090329,0.0,0.0,0,0.0,0.0,0
Хабаровский край,2015-01-01,9920.011,,9920.011,0.0,0.0,0,3272.7009999999996,1287.799,1984.902,7.67,0.0,3.182,0.0308066014,0.0,0.0,0,0.0,0.0,0
Хабаровский край,2016-01-01,17948.376,1418.9170000000001,16529.459,0.0,0.0,0,3583.179,1417.8580000000004,2165.321,5.26,0.0,2.795,0.023451106800000003,0.0,0.0,0,0.0,0.0,0
Хабаровский край,2017-01-01,22687.264,8689.222,13998.042,0.0,0.0,0,3166.7090000000007,1246.829,1919.88,9.451,0.0,0.0,0.0,0.0,0.0,0,0.0,0.0,0
Ханты-Мансийский АО-Югра,2013-01-01,22512.10599998769,6303.392000004164,16208.714000002183,1286391.2690000166,1286391.2690000166,0,1287082.0550004914,1286684.3039997546,397.75100000007313,80.735,5.876,,,,,0,,,0
Ханты-Мансийский АО-Югра,2014-01-01,8097.156999999998,2267.204,5829.953,1404070.076,1404070.076,0,1405651.2769999998,1404617.2240000002,1034.053,50.3,0.312,448.413,4.6525948774,540.433,540.433,0,3.608,3.608,0
Ханты-Мансийский АО-Югра,2015-01-01,12108.789,,12108.789,1457728.448,1457728.448,0,1459803.4840000002,1458281.158,1522.326,242.66600000000003,0.303,769.533,7.4743428324000005,538.874,538.874,0,11.431,11.431,0
Ханты-Мансийский АО-Югра,2016-01-01,18283.716,1294.501,16989.215,1231432.5259999998,1231432.5259999998,0,1233551.682,1232038.226,1513.456,68.381,3.5290000000000004,633.779,5.0017887235,588.533,588.533,0,15.738,15.738,0
Ханты-Мансийский АО-Югра,2017-01-01,19999.496,7659.807000000001,12339.688999999997,1731964.67,1731964.67,0,1733340.77,1732547.79,792.98,21.327,3.5290000000000004,489.78,1.7074484502,568.1410000000002,568.1410000000002,0,14.974,14.974,0
Челябинская область,2013-01-01,,,,,,0,1417.1280000000247,490.0350000001887,927.0929999997138,14.80700000000001,0.003,,,,,0,,,0
Челябинская область,2014-01-01,0.0,0,0.0,0.0,0.0,0,1413.8039999999999,490.142,923.6619999999999,27.04600000000001,0.0,0.184,0.001206158,0.0,0.0,0,0.0,0.0,0
Челябинская область,2015-01-01,0.0,,0.0,0.0,0.0,0,1921.17,696.2139999999999,1224.956,61.03100000000001,0.0,0.158,0.0010339680000000001,0.0,0.0,0,0.0,0.0,0
Челябинская область,2016-01-01,0.0,0,0.0,0.0,0.0,0,2149.448000000001,781.7389999999999,1367.7089999999998,35.709,0.0,0.081,0.0004299922,0.0,0.0,0,0.0,0.0,0
Челябинская область,2017-01-01,0.0,0,0.0,0.0,0.0,0,2026.0739999999998,725.308,1300.766,30.573,0.0,0.03,7.349900000000001e-05,0.0,0.0,0,0.0,0.0,0
Чеченская Республика,2013-01-01,,,,2525.8650000002904,2525.8650000002904,0,2530.089999999873,2526.558999999439,3.5310000000012045,1.571,0.0,,,,,0,,,0
Чеченская Республика,2014-01-01,0.0,0,0.0,2623.329,2623.329,0,2629.072,2624.1659999999997,4.9060000000000015,0.151,0.004,0.888,0.040077229900000004,0.8370000000000001,0.8370000000000001,0,0.0,0.0,0
Чеченская Республика,2015-01-01,0.001,,0.001,2435.348,2435.348,0,2438.679,2436.6310000000008,2.048,0.049,0.004,0.815,0.0388752229,1.2819999999999998,1.2819999999999998,0,0.0,0.0,0
Чеченская Республика,2016-01-01,0.0,0,0.0,718.73,718.73,0,724.169,719.9910000000001,4.178,0.175,0.004,0.915,0.0448602859,1.2890000000000001,1.2890000000000001,0,0.0,0.0,0
Чеченская Республика,2017-01-01,0.0,0,0.0,725.5189999999999,725.5189999999999,0,732.3820000000002,727.2339999999999,5.1480000000000015,0.731,0.004,0.21600000000000005,0.0038625898,1.71,1.71,0,0.0,0.0,0
Чувашская Республика,2013-01-01,,,,,,0,28.967000000003544,0.06500000000001806,28.901999999989425,0.859,0.0,,,,,0,,,0
Чувашская Республика,2014-01-01,0.0,0,0.0,0.0,0.0,0,37.436,0.036000000000000004,37.4,1.226,0.0,0.0,0.0,0.0,0.0,0,0.0,0.0,0
Чувашская Республика,2015-01-01,0.0,,0.0,0.0,0.0,0,30.820999999999998,0.053000000000000005,30.768,0.968,0.0,0.14700000000000002,0.0038236183,0.0,0.0,0,0.0,0.0,0
Чувашская Республика,2016-01-01,0.0,0,0.0,0.0,0.0,0,18.802,0.015,18.787000000000006,1.7280000000000002,0.0,0.0,0.0,0.0,0.0,0,0.0,0.0,0
Чувашская Республика,2017-01-01,0.0,0,0.0,0.0,0.0,0,17.912000000000006,0.013,17.899,2.12,0.0,0.0,0.0,0.0,0.0,0,0.0,0.0,0
Чукотский автономный округ,2013-01-01,,,,,,0,2236.085999999804,898.4820000001217,1337.6039999996935,0.0,0.0,,,,,0,,,0
Чукотский автономный округ,2014-01-01,0.0,0,0.0,0.0,0.0,0,3021.739,1213.2089999999998,1808.53,0.043,0.0,0.14200000000000002,0.07917523929999999,7.8130000000000015,7.8130000000000015,0,0.0,0.0,0
Чукотский автономный округ,2015-01-01,0.0,,0.0,0.0,0.0,0,4890.507000000001,1956.9129999999998,2933.594,34.379000000000005,0.0,0.0,0.0,2.198,2.198,0,0.0,0.0,0
Чукотский автономный округ,2016-01-01,0.0,0,0.0,0.0,0.0,0,5044.35,2018.582,3025.768,0.941,0.0,0.0,0.0,2.021,2.021,0,0.0,0.0,0
Чукотский автономный округ,2017-01-01,0.0,0,0.0,0.0,0.0,0,3591.07,1437.0829999999999,2153.987,0.795,0.0,0.0,0.0,2.2880000000000003,2.2880000000000003,0,0.0,0.0,0
Ямало-Ненецкий АО,2013-01-01,1869.1779999997354,523.3699999996488,1345.807999999906,102613.54199995646,102613.54199995646,0,401611.12300008134,400904.82099999883,706.3020000000823,6.511000000000024,33.309000000000005,,,,,0,,,0
Ямало-Ненецкий АО,2014-01-01,868.99,243.318,625.672,110904.482,110904.482,0,452436.446,451794.162,642.284,187.985,0.0,285.999,3.8439986973,329329.745,329329.745,0,11544.652,11544.652,0
Ямало-Ненецкий АО,2015-01-01,722.072,,722.072,117211.247,117211.247,0,499408.27200000006,498866.703,541.5690000000002,8056.531999999998,436.904,9110.019,57.6728356636,319156.34,319156.34,0,62468.772,62468.772,0
Ямало-Ненецкий АО,2016-01-01,572.8969999999998,22.679000000000002,550.2180000000002,105221.593,105221.593,0,537106.676,536598.3620000001,508.314,2.201,0.0,496.935,5.563901255,339414.93,339414.93,0,91928.876,91928.876,0
Ямало-Ненецкий АО,2017-01-01,770.355,295.046,475.309,173576.91,173576.91,0,775857.521,775393.4079999999,464.11300000000006,39.258,27.82200000000001,2825.007,11.9229506651,505607.17,505607.17,0,96181.32,96181.32,0
Ярославская область,2013-01-01,25467.662999989792,7130.944999998115,18336.7179999951,,,0,29.330999999985448,0.14500000000004223,29.186000000014207,3.0139999999999993,0.0,,,,,0,,,0
Ярославская область,2014-01-01,23973.101,6712.469,17260.631999999998,0.0,0.0,0,26.092,0.206,25.886000000000006,4.754,0.0,0.16399999999999998,0.0024125080000000003,0.0,0.0,0,0.0,0.0,0
Ярославская область,2015-01-01,23220.893,,23220.893,0.0,0.0,0,21.853,0.251,21.601999999999997,5.9620000000000015,0.0,0.189,0.0025237345000000003,0.0,0.0,0,0.0,0.0,0
Ярославская область,2016-01-01,36521.991,3004.7450000000003,33517.246,0.0,0.0,0,24.78,0.273,24.506999999999998,5.823,578.991,0.031,0.0001899091,0.0,0.0,0,0.0,0.0,0
Ярославская область,2017-01-01,46126.96,17666.626,28460.334,0.0,0.0,0,23.385,0.34400000000000003,23.041,7.049,578.991,0.006999999999999999,2.32285e-05,0.0,0.0,0,0.0,0.0,0
г. Москва,2013-01-01,23288.84899999228,6520.878000001746,16767.971000005764,,,0,,,,131.156,27.901000000000003,,,,,0,,,0
г. Москва,2014-01-01,21369.953,5983.587,15386.366000000002,-0.079,-0.079,0,302.4,301.015,1.385,53.984,51.52,815.3639999999998,0.4108512407,0.008,0.008,0,0.0,0.0,0
г. Москва,2015-01-01,19779.256,,19779.256,-0.005,-0.005,0,2741.52,2739.8759999999997,1.644,500.559,80.99600000000002,1617.865,0.7869256979000001,0.0,0.0,0,0.0,0.0,0
г. Москва,2016-01-01,29827.394,2385.3320000000003,27442.062,0.003,0.003,0,1978.888,1977.591,1.2970000000000002,1514.922,15.15,2686.532,0.9706111863,0.0,0.0,0,0.0,0.0,0
г. Москва,2017-01-01,23486.306,8995.255000000001,14491.051,-0.003,-0.003,0,183.857,178.78599999999997,5.0710000000000015,3268.9570000000012,15.205,3515.3230000000012,0.6249971553,0.0,0.0,0,0.0,0.0,0
г. Санкт-Петербург,2013-01-01,,,,,,0,16.57100000135263,16.881000003280544,,1.623,13.883,,,,,0,,,0
г. Санкт-Петербург,2014-01-01,-59.75400000000001,-16.731,-43.023,0.0,0.0,0,0.091,0.018000000000000002,0.07300000000000001,1.514,0.0,132.43800000000002,0.3965511981,0.0,0.0,0,0.0,0.0,0
г. Санкт-Петербург,2015-01-01,19.764,,19.764,0.0,0.0,0,0.068,0.022,0.046,3.966,0.0,135.434,0.4394368716,0.0,0.0,0,0.0,0.0,0
г. Санкт-Петербург,2016-01-01,-79.51100000000002,-13.503,-66.00800000000001,0.0,0.0,0,4187.138,4187.1010000000015,0.037000000000000005,6.279,0.0,35.374,0.0908492297,0.0,0.0,0,0.0,0.0,0
г. Санкт-Петербург,2017-01-01,2.129,0.8150000000000001,1.314,0.0,0.0,0,8624.188,8624.155,0.033,8.620000000000001,0.0,40.02,0.0479898828,0.0,0.0,0,0.0,0.0,0
г.Севастополь,2015-01-01,0.0,,0.0,0.0,0.0,0,15.071000000000002,0.0,15.071000000000002,0.0,0.0,0.067,0.08808487699999999,0.0,0.0,0,0.0,0.0,0
г.Севастополь,2016-01-01,0.0,0,0.0,0.0,0.0,0,0.258,0.0,0.258,0.0,0.0,0.067,0.0471270108,0.0,0.0,0,0.0,0.0,0
г.Севастополь,2017-01-01,0.0,0,0.0,0.0,0.0,0,15.220999999999998,0.0,15.220999999999998,0.0,0.0,0.5840000000000001,0.1200477724,0.0,0.0,0,0.0,0.0,0
